,Unnamed: 0,composition,phases,hardness (HV),temperature (C),compressive ys (MPa),compressive strength (MPa),compressive strain (%),doi,ys (MPa),uts (MPa),elongation (%),pmg_comp,is_ductile,Mo,Nb,Ta,V,W,Cr,Ti,Al,Co,Cu,Fe,Ni,Re,C,Hf,Zr,Si,Mn,G/B,Hmix,Smix,Tm,VEC,allen pairwise mismatch,bulk modulus R_AVG,bulk modulus V_AVG,elements,geometric_strain,pauling pairwise mismatch,poissons ratio R_AVG,poissons ratio V_AVG,pressure field,r_s,radius_deviation,residual_strain,shear modulus R_AVG,shear modulus V_AVG,youngs modulus R_AVG,youngs modulus V_AVG
0,340,Mo1 Nb1 Ta1 V1 W1,BCC,536.0,25.0,1246.0,1270.0,2.0,10.1016/j.intermet.2011.01.004,,,,Mo1 Nb1 Ta1 V1 W1,False,0.2,0.2,0.2,0.2,0.2,0.0,0.0,0.0,0.0,0.0,0.0,0.0,0.0,0.0,0.0,0.0,0.0,0.0,0.311214953271028,-4.640000000000001,13.380866803977112,2962.8,5.4,0.24648648648648636,202.38010760991617,214.0,['Mo' 'Nb' 'Ta' 'V' 'W'],0.0001488960497400145,0.24648648648648636,0.33464706408758643,0.34,9.072002366409999,1.8333800000000002,0.03150619513048345,3.9986654323639668,42.11273228027797,66.6,177.3977063489831,231.8
1,347,Mo1 Nb1 Ta1 W1,BCC,454.0,25.0,1058.0,1211.0,2.0,10.1016/j.intermet.2011.01.004,,,,Mo1 Nb1 Ta1 W1,False,0.25,0.25,0.25,0.0,0.25,0.0,0.0,0.0,0.0,0.0,0.0,0.0,0.0,0.0,0.0,0.0,0.0,0.0,0.3142857142857143,-6.5,11.52565131835077,3157.75,5.5,0.2747156605424322,216.7318566862609,227.5,['Mo' 'Nb' 'Ta' 'W'],6.717804727733888e-05,0.2747156605424322,0.3268398028683759,0.3325,8.693857704445898,1.8307499999999999,0.023182415280093526,3.999282481566826,41.0457038574286,71.5,196.34062973150515,257.75
2,473,Cr1 Ta1 Ti0.17 V1 W1,BCC+Laves,715.0,25.0,2034.0,,1.5,10.1016/j.matchemphys.2017.06.054,,,,Cr1 Ta1 Ti0.17 V1 W1,False,0.0,0.0,0.2398081534772182,0.2398081534772182,0.2398081534772182,0.2398081534772182,0.0407673860911271,0.0,0.0,0.0,0.0,0.0,0.0,0.0,0.0,0.0,0.0,0.0,0.4683398138329211,-3.7633202790285747,12.472281058720572,2800.4724220623502,5.438848920863308,0.24047704361128153,187.23681611692672,203.52517985611507,['Ta' 'V' 'W' 'Cr' 'Ti'],0.0003757791941460398,0.24047704361128153,0.2874184634034146,0.30081534772182256,14.974202392537341,1.8043836930455635,0.05154117163801311,3.996421706210931,75.85619606018774,95.31894484412472,201.72525166007833,245.49640287769785
3,475,Cr1 Ta1 Ti0.3 V1 W1,BCC+Laves,780.0,25.0,2050.0,,1.5,10.1016/j.matchemphys.2017.06.054,,,,Cr1 Ta1 Ti0.3 V1 W1,False,0.0,0.0,0.2325581395348837,0.2325581395348837,0.2325581395348837,0.2325581395348837,0.0697674418604651,0.0,0.0,0.0,0.0,0.0,0.0,0.0,0.0,0.0,0.0,0.0,0.46720741599072996,-3.7641968631692793,12.82528552396791,2774.488372093023,5.395348837209301,0.23422516302263133,183.34479524851517,200.69767441860463,['Ta' 'V' 'W' 'Cr' 'Ti'],0.00041123253816784984,0.23422516302263133,0.2883059259835001,0.3013953488372093,14.672164781810942,1.8117790697674416,0.052723407029429036,3.996250541781787,74.231381951082,93.7674418604651,197.3167636906765,241.5813953488372
4,477,Cr1 Ta1 V1 W1,BCC+Laves,715.0,25.0,2327.0,,1.5,10.1016/j.matchemphys.2017.06.054,,,,Cr1 Ta1 V1 W1,False,0.0,0.0,0.25,0.25,0.25,0.25,0.0,0.0,0.0,0.0,0.0,0.0,0.0,0.0,0.0,0.0,0.0,0.0,0.46987951807228917,-3.75,11.52565131835077,2837.0,5.5,0.2433566433566433,192.99610894941634,207.5,['Ta' 'V' 'W' 'Cr'],0.00030722447085417876,0.2433566433566433,0.2861800947867299,0.3,15.421921283452683,1.7939875,0.04957616127569212,3.996690027681587,78.26440667500272,97.5,208.2664765289942,251.0
5,570,Mo1 Nb1 Ta1 Ti0.25 W1,BCC,478.3,25.0,1109.0,1197.0,,10.1016/j.msea.2017.12.004,,,,Mo1 Nb1 Ta1 Ti0.25 W1,,0.2352941176470588,0.2352941176470588,0.2352941176470588,0.0,0.2352941176470588,0.0,0.0588235294117647,0.0,0.0,0.0,0.0,0.0,0.0,0.0,0.0,0.0,0.0,0.0,0.3168,-6.1453287197231825,12.70766391344736,3086.176470588235,5.411764705882352,0.2748752339363693,205.02961523710283,220.58823529411762,['Mo' 'Nb' 'Ta' 'W' 'Ti'],9.174512424431043e-05,0.2748752339363693,0.3264293777591261,0.3317647058823529,8.713915700581644,1.8435882352941173,0.02489763677336374,3.999173239036284,41.20846053657904,69.88235294117646,188.65470781094513,249.41176470588232
6,571,Mo1 Nb1 Ta1 Ti0.5 W1,BCC,481.2,25.0,1211.0,1578.0,,10.1016/j.msea.2017.12.004,,,,Mo1 Nb1 Ta1 Ti0.5 W1,,0.2222222222222222,0.2222222222222222,0.2222222222222222,0.0,0.2222222222222222,0.0,0.1111111111111111,0.0,0.0,0.0,0.0,0.0,0.0,0.0,0.0,0.0,0.0,0.0,0.31917098445595854,-5.82716049382716,13.145213438928542,3022.555555555555,5.333333333333334,0.26678493449781654,195.63992493816852,214.44444444444443,['Mo' 'Nb' 'Ta' 'W' 'Ti'],0.00010471993006682785,0.26678493449781654,0.32606541981499787,0.33111111111111113,8.731905743736204,1.8549999999999998,0.026081521604453102,3.99909158853884,41.35422056015565,68.44444444444444,182.31095810229766,241.99999999999997
7,572,Mo1 Nb1 Ta1 Ti0.75 W1,BCC,495.6,25.0,1304.0,1593.0,,10.1016/j.msea.2017.12.004,,,,Mo1 Nb1 Ta1 Ti0.75 W1,,0.2105263157894736,0.2105263157894736,0.2105263157894736,0.0,0.2105263157894736,0.0,0.1578947368421052,0.0,0.0,0.0,0.0,0.0,0.0,0.0,0.0,0.0,0.0,0.0,0.3214105793450881,-5.5401662049861455,13.332065209759662,2965.631578947367,5.263157894736841,0.2604924793789422,187.9389316375011,208.94736842105254,['Mo' 'Nb' 'Ta' 'W' 'Ti'],0.00011095901775067137,0.2604924793789422,0.3257404604986074,0.33052631578947356,8.748131623428959,1.8652105263157885,0.02690837626864859,3.99903092989412,41.48551424513312,67.15789473684207,176.98604247293554,235.36842105263145
8,573,Mo1 Nb1 Ta1 Ti1 W1,BCC,507.5,25.0,1455.0,1910.0,,10.1016/j.msea.2017.12.004,,,,Mo1 Nb1 Ta1 Ti1 W1,,0.2,0.2,0.2,0.0,0.2,0.0,0.2,0.0,0.0,0.0,0.0,0.0,0.0,0.0,0.0,0.0,0.0,0.0,0.3235294117647059,-5.280000000000001,13.380866803977112,2914.3999999999996,5.2,0.2554585152838426,181.50866287942213,204.0,['Mo' 'Nb' 'Ta' 'W' 'Ti'],0.00011330609601673076,0.2554585152838426,0.32544855041298615,0.33,8.762840466302332,1.8744,0.02748406762917154,3.9989863958625427,41.604393398018544,66.0,172.45276167631192,229.39999999999998
9,580,Mo1 Nb1 Ta1 Ti1 V1 W1,BCC,,25.0,1515.0,2135.0,,10.1016/j.intermet.2017.01.007,,,,Mo1 Nb1 Ta1 Ti1 V1 W1,,0.1666666666666666,0.1666666666666666,0.1666666666666666,0.1666666666666666,0.1666666666666666,0.0,0.1666666666666666,0.0,0.0,0.0,0.0,0.0,0.0,0.0,0.0,0.0,0.0,0.0,0.3194915254237288,-4.22222222222222,14.896688227162047,2792.499999999999,5.166666666666664,0.22947173308619084,177.53110385501674,196.6666666666666,['Mo' 'Nb' 'Ta' 'V' 'W' 'Ti'],0.00021253220089174148,0.22947173308619084,0.33211347691016246,0.33666666666666656,9.06879108958973,1.8693166666666658,0.035709847456275326,3.9982773912022234,42.41595295761951,62.83333333333331,163.01713430592574,212.49999999999991
11,592,Nb1 Ta1 V1 W1,BCC,,25.0,1530.0,1700.0,12.0,10.1016/j.msea.2016.07.102,,,,Nb1 Ta1 V1 W1,True,0.0,0.25,0.25,0.25,0.25,0.0,0.0,0.0,0.0,0.0,0.0,0.0,0.0,0.0,0.0,0.0,0.0,0.0,0.3726190476190476,-4.5,11.52565131835077,2979.5,5.25,0.24541607898448511,196.48141675404867,210.0,['Nb' 'Ta' 'V' 'W'],0.00014724668718558908,0.24541607898448511,0.34143362574516556,0.3475,12.752563229225148,1.8416000000000001,0.03432161851493477,3.998395458167625,58.19964761049556,78.25,159.07264697337368,207.5
12,703,Al0.229 Co0.486 Cr0.4 Cu0.229 Fe0.486 Mo0.003 Ni1 Ti0.029 W0.003,,231.0,25.0,,,,10.1016/j.ultramic.2015.06.009,,,,Al0.229 Co0.486 Cr0.4 Cu0.229 Fe0.486 Mo0.003 Ni1 Ti0.029 W0.003,,0.0010471204188481,0.0,0.0,0.0,0.0010471204188481,0.1396160558464223,0.0101221640488656,0.0799301919720767,0.1696335078534031,0.0799301919720767,0.1696335078534031,0.3490401396160558,0.0,0.0,0.0,0.0,0.0,0.0,0.46448564608624726,-5.912837915627305,14.208098973146946,1724.2914485165784,8.383944153577659,0.07424339707929169,154.45069883176896,163.48132635253046,['Mo' 'W' 'Cr' 'Ti' 'Al' 'Co' 'Cu' 'Fe' 'Ni'],0.00037659395072490667,0.07424339707929169,0.2919595206483355,0.29831064572425814,12.970543543993832,1.806238150087259,0.042796699265501295,3.9978858768026493,66.06867130925643,75.93472949389175,175.10348690493745,197.9420593368236
13,722,Cr1 Fe1 Ni1 V0.5 W1,FCC+BCC+Sec.,,25.0,,,7.3,10.1007/s11665-015-1767-8,,,,Cr1 Fe1 Ni1 V0.5 W1,False,0.0,0.0,0.0,0.1111111111111111,0.2222222222222222,0.2222222222222222,0.0,0.0,0.0,0.0,0.2222222222222222,0.2222222222222222,0.0,0.0,0.0,0.0,0.0,0.0,0.5083333333333333,-4.345679012345678,13.14521343892854,2334.555555555555,7.222222222222222,0.1863684771033014,187.19802658626833,200.0,['V' 'W' 'Cr' 'Fe' 'Ni'],0.0002277529900773333,0.1863684771033014,0.27508185674686436,0.2833333333333333,16.79815891484098,1.7646333333333333,0.04006492993375051,3.997950971168396,88.41186325519587,101.66666666666666,228.85732256855093,258.88888888888886
14,822,Cr1 Mo1 Nb1 Ta1 V1 W1,BCC+Laves+Sec.,1072.0,25.0,,,,10.1016/j.jallcom.2018.11.318,,,,Cr1 Mo1 Nb1 Ta1 V1 W1,,0.1666666666666666,0.1666666666666666,0.1666666666666666,0.1666666666666666,0.1666666666666666,0.1666666666666666,0.0,0.0,0.0,0.0,0.0,0.0,0.0,0.0,0.0,0.0,0.0,0.0,0.36422764227642274,-4.6666666666666625,14.896688227162047,2832.333333333332,5.499999999999998,0.22034830430797422,193.82358232225315,204.99999999999994,['Mo' 'Nb' 'Ta' 'V' 'W' 'Cr'],0.0003601675390872677,0.22034830430797422,0.3045218609756046,0.3183333333333332,9.662289627967638,1.8165666666666658,0.04648661349812018,3.99701305189988,47.086672747815626,74.66666666666664,188.8604640092808,239.66666666666657
15,1068,Mo1 Nb1 Re0.5 W1,BCC,473.0,25.0,896.0,,10.4,10.1016/j.jallcom.2018.11.111,,,,Mo1 Nb1 Re0.5 W1,True,0.2857142857142857,0.2857142857142857,0.0,0.0,0.2857142857142857,0.0,0.0,0.0,0.0,0.0,0.0,0.0,0.1428571428571428,0.0,0.0,0.0,0.0,0.0,0.34413407821229053,-8.326530612244897,11.238732128524116,3162.857142857142,5.857142857142856,0.2249930728733721,236.3693106953281,255.71428571428567,['Mo' 'Nb' 'W' 'Re'],4.5379360654415295e-05,0.2249930728733721,0.31922942206655003,0.3257142857142857,8.556000954405054,1.8023428571428568,0.020468570947760653,3.999454217669824,41.01436331393547,87.99999999999999,217.71142353521063,307.57142857142856
20,1113,Hf1 Nb1 Ta1 Ti1 W1 Zr1,BCC+Laves,,25.0,1550.0,,26.3,10.1016/j.jallcom.2019.06.138,,,,Hf1 Nb1 Ta1 Ti1 W1 Zr1,True,0.0,0.1666666666666666,0.1666666666666666,0.0,0.1666666666666666,0.0,0.1666666666666666,0.0,0.0,0.0,0.0,0.0,0.0,0.0,0.1666666666666666,0.1666666666666666,0.0,0.0,0.3846186895810957,-2.11111111111111,14.896688227162047,2718.3333333333326,4.666666666666665,0.2554517133956385,128.70472313418685,161.63194444444434,['Nb' 'Ta' 'W' 'Ti' 'Hf' 'Zr'],0.0005430156460586043,0.2554517133956385,0.33742965026702976,0.34166666666666656,9.695516095273904,1.964749999999999,0.057079715103980945,3.9957363289434413,44.83769457533393,62.16666666666664,111.73221966945046,160.49999999999994
21,1114,Hf1 Mo1 Nb1 Ta1 Ti1 W1 Zr1,BCC+Laves,,25.0,1637.0,,15.5,10.1016/j.jallcom.2019.06.138,,,,Hf1 Mo1 Nb1 Ta1 Ti1 W1 Zr1,True,0.1428571428571428,0.1428571428571428,0.1428571428571428,0.0,0.1428571428571428,0.0,0.1428571428571428,0.0,0.0,0.0,0.0,0.0,0.0,0.0,0.1428571428571428,0.1428571428571428,0.0,0.0,0.32755686751172064,-3.5918367346938744,16.17829697924587,2743.714285714285,4.857142857142855,0.27933276788238603,137.34603005389465,171.3988095238095,['Mo' 'Nb' 'Ta' 'W' 'Ti' 'Hf' 'Zr'],0.0006461345020627126,0.27933276788238603,0.33321764862437153,0.33714285714285697,8.150824063433284,1.9412857142857132,0.06015274899413325,3.995325130961154,38.08156415144424,56.14285714285711,123.37120722981628,184.57142857142847
22,1130,Co1 Cr1 Fe1 Ni1 W0.2,FCC,244.0,25.0,335.0,,52.0,10.1016/j.intermet.2019.106550,,,,Co1 Cr1 Fe1 Ni1 W0.2,True,0.0,0.0,0.0,0.0,0.0476190476190476,0.238095238095238,0.0,0.0,0.238095238095238,0.0,0.238095238095238,0.238095238095238,0.0,0.0,0.0,0.0,0.0,0.0,0.5069148936170212,-3.5374149659863914,12.568476876778144,1958.5714285714278,8.142857142857139,0.09397119843788136,175.81589311915985,179.04761904761898,['W' 'Cr' 'Co' 'Fe' 'Ni'],9.367280678023623e-05,0.09397119843788136,0.2731515579516683,0.27999999999999986,16.352065378301127,1.7542904761904754,0.020640437385265675,3.9994904352693874,86.68945428214079,90.76190476190473,225.86871264348179,233.6190476190475
23,1131,Co1 Cr1 Fe1 Ni1 W0.5,FCC+Sec.,357.9,25.0,556.0,,35.6,10.1016/j.intermet.2019.106550,,,,Co1 Cr1 Fe1 Ni1 W0.5,True,0.0,0.0,0.0,0.0,0.1111111111111111,0.2222222222222222,0.0,0.0,0.2222222222222222,0.0,0.2222222222222222,0.2222222222222222,0.0,0.0,0.0,0.0,0.0,0.0,0.508284023668639,-3.259259259259259,13.14521343892854,2074.333333333333,8.0,0.12188796680497924,181.0401314743148,187.77777777777777,['W' 'Cr' 'Co' 'Fe' 'Ni'],0.00017025146485489205,0.12188796680497924,0.2735976812527676,0.28,16.871199131671382,1.7534444444444444,0.030104965264979393,3.998899118033865,89.44160948320946,95.44444444444443,232.86140220819325,245.4444444444444
24,1207,Nb1 Ta1 Ti1 W1,BCC,,20.0,1054.0,,,10.1016/j.actamat.2019.06.006,,,,Nb1 Ta1 Ti1 W1,,0.0,0.25,0.25,0.0,0.25,0.0,0.25,0.0,0.0,0.0,0.0,0.0,0.0,0.0,0.0,0.0,0.0,0.0,0.3924050632911392,-4.5,11.52565131835077,2919.0,5.0,0.2514285714285714,172.42071606498865,197.5,['Nb' 'Ta' 'W' 'Ti'],7.2620214949885e-05,0.2514285714285714,0.3295543054954565,0.335,12.140525908147492,1.892875,0.02410314750398973,3.9992079660824436,56.99660754493383,77.5,154.11922175371325,204.5
25,1258,Cr1 Mo1 Nb1 Ti1 W1,BCC+Laves,,25.0,2500.0,,10.0,10.1007/s11837-019-03432-9,,,,Cr1 Mo1 Nb1 Ti1 W1,True,0.2,0.2,0.0,0.0,0.2,0.2,0.2,0.0,0.0,0.0,0.0,0.0,0.0,0.0,0.0,0.0,0.0,0.0,0.38571428571428573,-4.640000000000001,13.380866803977112,2692.3999999999996,5.4,0.23605150214592258,173.6298331659404,196.0,['Mo' 'Nb' 'W' 'Cr' 'Ti'],0.0004205719370883779,0.23605150214592258,0.29096597575283534,0.30400000000000005,8.722747505613201,1.84931,0.05295104261412158,3.996069943668862,43.87893487729181,75.60000000000001,183.81452606946675,248.0
29,1357,Al1 Co1 Cr0.091 Nb0.727 W0.212,,1084.0,25.0,,,,10.1038/s41467-019-10533-1,,,,Al1 Co1 Cr0.091 Nb0.727 W0.212,,0.0,0.2399339933993399,0.0,0.0,0.0699669966996699,0.03003300330033,0.0,0.33003300330033,0.33003300330033,0.0,0.0,0.0,0.0,0.0,0.0,0.0,0.0,0.0,0.37885271924674363,-23.460793168425745,11.353408028636629,1875.2376237623757,5.760066006600658,0.1498327893109614,124.98689365789909,151.77227722772273,['Nb' 'W' 'Cr' 'Al' 'Co'],0.0003844253573763541,0.1498327893109614,0.3332993984227448,0.3396930693069306,8.95255985120593,1.900086254125412,0.06202777388702598,3.9946090176192897,41.587125752915405,57.499339933993376,112.90722296546988,154.40792079207915
30,1359,Al0.947 Co0.158 Mo1 Ni0.289 W0.237,,725.0,25.0,,,,10.1038/s41467-019-10533-1,,,,Al0.947 Co0.158 Mo1 Ni0.289 W0.237,,0.3800836183960471,0.0,0.0,0.0,0.0900798175598631,0.0,0.0,0.3599391866210565,0.0600532117065754,0.0,0.0,0.1098441657164576,0.0,0.0,0.0,0.0,0.0,0.0,0.2560879311781918,-9.883458648245824,11.338740408748366,2065.3751425313567,5.539718738122385,0.2127289225512667,131.18136812218225,173.2808817939946,['Mo' 'W' 'Al' 'Co' 'Ni'],0.000323195841900941,0.2127289225512667,0.32007747874520326,0.3216951729380463,5.800442757789778,1.8960174458380838,0.04582143225321657,3.9970296054849244,28.056007985051572,44.37514253135688,135.99915592330615,221.78601292284299
31,1363,Co0.564 Nb0.795 Ta0.103 Ti1 W0.103,,277.0,25.0,,,,10.1038/s41467-019-10533-1,,,,Co0.564 Nb0.795 Ta0.103 Ti1 W0.103,,0.0,0.3099415204678363,0.0401559454191033,0.0,0.0401559454191033,0.0,0.3898635477582846,0.0,0.2198830409356724,0.0,0.0,0.0,0.0,0.0,0.0,0.0,0.0,0.0,0.3520991983967935,-17.08902978694298,10.987295419050541,2278.3068226120854,5.529824561403508,0.1425020689071492,144.52356209465157,155.6335282651072,['Nb' 'Ta' 'W' 'Ti' 'Co'],0.00041242576841630054,0.1425020689071492,0.3373822199541382,0.34179337231968804,10.419551666601055,1.9224999999999999,0.05844902678275203,3.994966507474915,48.17223192079088,54.79844054580895,130.23573992482346,147.69668615984403
32,1410,Al1 Cr1 Cu1 Fe1 Mn1 W0.05,BCC+Sec.,680.0,25.0,1120.0,,,10.1557/jmr.2019.18,,,,Al1 Cr1 Cu1 Fe1 Mn1 W0.05,,0.0,0.0,0.0,0.0,0.0099009900990099,0.198019801980198,0.0,0.198019801980198,0.0,0.198019801980198,0.198019801980198,0.0,0.0,0.0,0.0,0.0,0.0,0.198019801980198,0.5280503690838039,-1.513577100284286,13.71019304402033,1581.3366336633662,6.990099009900989,0.1074422659900293,123.38823061885486,134.95049504950492,['W' 'Cr' 'Al' 'Cu' 'Fe' 'Mn'],0.0004549872374679432,0.1074422659900293,0.2710461160277444,0.28297029702970294,10.323442189643641,1.834728712871287,0.054789787553206286,3.9961543669440833,54.37712003405177,71.26065871893312,142.35879680714004,179.91089108910893
33,1411,Al1 Cr1 Cu1 Fe1 Mn1 W0.1,BCC+Sec.,705.0,25.0,1250.0,,,10.1557/jmr.2019.18,,,,Al1 Cr1 Cu1 Fe1 Mn1 W0.1,,0.0,0.0,0.0,0.0,0.0196078431372549,0.196078431372549,0.0,0.196078431372549,0.0,0.196078431372549,0.196078431372549,0.0,0.0,0.0,0.0,0.0,0.0,0.196078431372549,0.5278569964571195,-1.2764321414840434,13.92087236620289,1602.0588235294115,6.980392156862743,0.11339531229540388,124.12075413390386,136.66666666666663,['W' 'Cr' 'Al' 'Cu' 'Fe' 'Mn'],0.00045719697587985603,0.11339531229540388,0.2711311187090535,0.2829411764705882,10.390249253416213,1.8338156862745096,0.05466231236899531,3.9961661136313564,54.73248081423044,72.14045618247297,143.2769325725153,182.17647058823525
34,1412,Al1 Cr1 Cu1 Fe1 Mn1 W0.5,BCC+Sec.,780.0,25.0,1510.0,,,10.1557/jmr.2019.18,,,,Al1 Cr1 Cu1 Fe1 Mn1 W0.5,,0.0,0.0,0.0,0.0,0.0909090909090909,0.1818181818181818,0.0,0.1818181818181818,0.0,0.1818181818181818,0.1818181818181818,0.0,0.0,0.0,0.0,0.0,0.0,0.1818181818181818,0.5265728703174326,0.33057851239669367,14.697168880613484,1754.272727272727,6.909090909090908,0.15244729605866172,129.78021415390833,149.27272727272725,['W' 'Cr' 'Al' 'Cu' 'Fe' 'Mn'],0.00046385168393281537,0.15244729605866172,0.2717571399595128,0.2827272727272727,10.909092337139915,1.8271090909090908,0.053621992585995995,3.9962678464745287,57.49230681893529,78.6029684601113,150.402101696836,198.8181818181818
37,1537,Cr1 Nb1 Ti1 W1,BCC+Sec.,630.0,25.0,,,,10.1016/j.matdes.2018.06.003,,,,Cr1 Nb1 Ti1 W1,,0.0,0.25,0.0,0.0,0.25,0.25,0.25,0.0,0.0,0.0,0.0,0.0,0.0,0.0,0.0,0.0,0.0,0.0,0.47733333333333333,-4.75,11.52565131835077,2641.5,5.25,0.23463687150837984,163.60541517837456,187.5,['Nb' 'W' 'Cr' 'Ti'],0.00043370509480737413,0.23463687150837984,0.2865671641791045,0.3025,12.393174124742272,1.8615125,0.058903656579697934,3.9950940156975143,62.5489694913679,89.5,165.55045243963227,227.75
38,0,Nb25Mo15Ta5W35Ti10Ni10 ,,,25.0,,,,10.1016/J.MSEA.2023.145681,2124.53,2586.8,9.13,Mo15 Nb25 Ni10 Ta5 Ti10 W35,True,0.15,0.25,0.05,0.0,0.35,0.0,0.1,0.0,0.0,0.0,0.0,0.1,0.0,0.0,0.0,0.0,0.0,0.0,0.3750556792873051,-11.02,13.37625296156447,2946.55,5.9,0.2702284165698798,201.35143575944105,224.5,['Mo' 'Nb' 'Ta' 'W' 'Ti' 'Ni'],0.00031799594717219507,0.2702284165698798,0.31836888804983954,0.3245000000000001,10.105290287928776,1.83832,0.04147447758471315,3.9975641134666615,48.5728193006937,84.19999999999999,187.99299597123985,260.35
39,1,Nb21.875Mo13.125Ta4.375W 30.625Ti15Ni15,,,25.0,,,,10.1016/J.MSEA.2023.145682,2261.96,2831.8,9.59,Mo13.125 Nb21.875 Ni15 Ta4.375 Ti15 W30.625,True,0.13125,0.21875,0.04375,0.0,0.30625,0.0,0.15,0.0,0.0,0.0,0.0,0.15,0.0,0.0,0.0,0.0,0.0,0.0,0.3783279930090301,-13.4028125,13.862997825415786,2807.54375,6.0375,0.25958359524574975,190.07649391118647,214.5625,['Mo' 'Nb' 'Ta' 'W' 'Ti' 'Ni'],0.00039839727556866813,0.25958359524574975,0.3179337323844087,0.3233125,10.243013033941137,1.84918625,0.04821043344610329,3.996707542175902,49.36561956601762,81.17500000000001,181.62922713635504,247.55625
40,2,Nb18.75Mo11.25Ta3.75W26.25Ti20Ni20,,,25.0,,,,10.1016/J.MSEA.2023.145683,2513.08,3127.2,11.38,Mo11.25 Nb18.75 Ni20 Ta3.75 Ti20 W26.25,True,0.1125,0.1875,0.0375,0.0,0.2625,0.0,0.2,0.0,0.0,0.0,0.0,0.2,0.0,0.0,0.0,0.0,0.0,0.0,0.3819181429444105,-15.961250000000001,13.948055823509788,2668.5375,6.175,0.2506025216136807,179.9973050556868,204.625,['Mo' 'Nb' 'Ta' 'W' 'Ti' 'Ni'],0.0004449235867187589,0.2506025216136807,0.31749976466158336,0.32212500000000005,10.385403100071933,1.8600525,0.0540470904107461,3.995876804876919,50.184729249938954,78.15,175.6821924843452,234.7625
41,3,Nb15.625Mo9.375Ta3.125W21.875Ti25Ni25,,,25.0,,,,10.1016/J.MSEA.2023.145684,2060.93,2784.1,11.97,Mo9.375 Nb15.625 Ni25 Ta3.125 Ti25 W21.875,True,0.09375,0.15625,0.03125,0.0,0.21875,0.0,0.25,0.0,0.0,0.0,0.0,0.25,0.0,0.0,0.0,0.0,0.0,0.0,0.38587479935794544,-18.6953125,13.68382728903364,2529.53125,6.3125,0.24267424940259252,170.93322650413245,194.6875,['Mo' 'Nb' 'Ta' 'W' 'Ti' 'Ni'],0.0004581960743943215,0.24267424940259252,0.31706698002350175,0.3209375,10.532696219803324,1.8709187499999997,0.05924964047016686,3.995071873561491,51.0314800835917,75.125,170.1122548148107,221.96875
42,4,Nb25Mo25Ta25W25,,,23.0,,,,10.1016/j.intermet.2011.01.004,1058.0,1211.0,1.5,Mo25 Nb25 Ta25 W25,False,0.25,0.25,0.25,0.0,0.25,0.0,0.0,0.0,0.0,0.0,0.0,0.0,0.0,0.0,0.0,0.0,0.0,0.0,0.3142857142857143,-6.5,11.52565131835077,3157.75,5.5,0.2747156605424322,216.7318566862609,227.5,['Mo' 'Nb' 'Ta' 'W'],6.717804727733888e-05,0.2747156605424322,0.3268398028683759,0.3325,8.693857704445898,1.8307499999999999,0.023182415280093526,3.999282481566826,41.0457038574286,71.5,196.34062973150515,257.75
43,11,V20Nb20Mo20Ta20W20,,,23.0,,,,10.1016/j.intermet.2011.01.004,1246.0,1270.0,1.7,Mo20 Nb20 Ta20 V20 W20,False,0.2,0.2,0.2,0.2,0.2,0.0,0.0,0.0,0.0,0.0,0.0,0.0,0.0,0.0,0.0,0.0,0.0,0.0,0.311214953271028,-4.640000000000001,13.380866803977112,2962.8,5.4,0.24648648648648636,202.38010760991617,214.0,['Mo' 'Nb' 'Ta' 'V' 'W'],0.0001488960497400145,0.24648648648648636,0.33464706408758643,0.34,9.072002366409999,1.8333800000000002,0.03150619513048345,3.9986654323639668,42.11273228027797,66.6,177.3977063489831,231.8
44,19,TiZrHfNbTaW0.25,,,25.0,1135.0,,50.0,10.1016/j.jallcom.2022.165188,,,,Hf1 Nb1 Ta1 Ti1 W0.25 Zr1,True,0.0,0.1904761904761904,0.1904761904761904,0.0,0.0476190476190476,0.0,0.1904761904761904,0.0,0.0,0.0,0.0,0.0,0.0,0.0,0.1904761904761904,0.1904761904761904,0.0,0.0,0.3421305453517943,1.160997732426303,14.33534876785085,2578.8095238095225,4.476190476190475,0.15244029075804774,118.78101910427316,140.4365079365079,['Nb' 'Ta' 'W' 'Ti' 'Hf' 'Zr'],0.00044928317012368687,0.15244029075804774,0.3476150643345208,0.3504761904761904,8.96726668853183,1.9966285714285705,0.05239073153777787,3.9963945615195584,40.64801640614377,48.04761904761904,101.20481590993433,124.71428571428567
45,20,TiZrHfNbTaW0.5,,,25.0,1278.0,,50.0,10.1016/j.jallcom.2022.165189,,,,Hf1 Nb1 Ta1 Ti1 W0.5 Zr1,True,0.0,0.1818181818181818,0.1818181818181818,0.0,0.0909090909090909,0.0,0.1818181818181818,0.0,0.0,0.0,0.0,0.0,0.0,0.0,0.1818181818181818,0.1818181818181818,0.0,0.0,0.35898747123497826,-0.13223140495867777,14.697168880613484,2629.5454545454545,4.545454545454545,0.19364485981308407,122.20746890815339,148.14393939393938,['Nb' 'Ta' 'W' 'Ti' 'Hf' 'Zr'],0.0004974755201181712,0.19364485981308407,0.34384090445215515,0.34727272727272723,9.215209526453119,1.9850363636363633,0.05436208288806359,3.9961166136825756,42.077757098400376,53.18181818181817,104.79529108047713,137.72727272727272
46,21,TiZrHfNbTaW0.75,,,25.0,1450.0,,50.0,10.1016/j.jallcom.2022.165190,,,,Hf1 Nb1 Ta1 Ti1 W0.75 Zr1,True,0.0,0.1739130434782608,0.1739130434782608,0.0,0.1304347826086956,0.0,0.1739130434782608,0.0,0.0,0.0,0.0,0.0,0.0,0.0,0.1739130434782608,0.1739130434782608,0.0,0.0,0.3729161802474901,-1.2098298676748571,14.854820038583844,2675.8695652173906,4.60869565217391,0.22735768903993203,125.51328337817237,155.1811594202898,['Nb' 'Ta' 'W' 'Ti' 'Hf' 'Zr'],0.0005265915794747179,0.22735768903993203,0.34046580431511986,0.34434782608695635,9.457925470787991,1.9744521739130425,0.055890934238543355,3.9959014144591345,43.473926933304185,57.86956521739128,108.30349374384339,149.60869565217385
47,23,W0.4MoNb1.1TaTi,,,20.0,1412.0,,32.1,10.1016/j.matlet.2021.129753,,,,Mo1 Nb1.1 Ta1 Ti1 W0.4,True,0.2222222222222222,0.2444444444444444,0.2222222222222222,0.0,0.0888888888888888,0.0,0.2222222222222222,0.0,0.0,0.0,0.0,0.0,0.0,0.0,0.0,0.0,0.0,0.0,0.2787309048178614,-4.17185185185185,12.988358752250878,2806.6666666666665,5.088888888888889,0.21988054513655914,171.75804593176792,189.11111111111103,['Mo' 'Nb' 'Ta' 'W' 'Ti'],0.00010332147873522015,0.21988054513655914,0.33406197568564916,0.3382222222222222,8.107785611640713,1.8931855555555552,0.026345153014677887,3.999058233507305,37.788297523837976,52.711111111111094,157.9724820017989,202.42222222222216
48,27,W0.4MoNb1.3TaTi,,,20.0,1334.0,,38.9,10.1016/j.matlet.2021.129753,,,,Mo1 Nb1.3 Ta1 Ti1 W0.4,True,0.2127659574468085,0.2765957446808511,0.2127659574468085,0.0,0.0851063829787234,0.0,0.2127659574468085,0.0,0.0,0.0,0.0,0.0,0.0,0.0,0.0,0.0,0.0,0.0,0.27661016949152545,-4.085106382978723,12.911441296337944,2804.255319148936,5.085106382978724,0.21550370317835027,171.6824950651834,188.29787234042553,['Mo' 'Nb' 'Ta' 'W' 'Ti'],0.00010187280087841036,0.21550370317835027,0.336421868595364,0.34085106382978725,8.158046078565842,1.8944521276595745,0.02583327140660427,3.999093234691452,37.797258076051676,52.08510638297872,154.65239240773454,198.27659574468083
49,31,W0.4MoNb1.5TaTi,,,20.0,1312.0,,37.0,10.1016/j.matlet.2021.129753,,,,Mo1 Nb1.5 Ta1 Ti1 W0.4,True,0.2040816326530612,0.3061224489795918,0.2040816326530612,0.0,0.0816326530612244,0.0,0.2040816326530612,0.0,0.0,0.0,0.0,0.0,0.0,0.0,0.0,0.0,0.0,0.0,0.2746463547334059,-3.9983340274885437,12.802832330993082,2802.0408163265297,5.081632653061224,0.21176691552800858,171.61317014036194,187.5510204081632,['Mo' 'Nb' 'Ta' 'W' 'Ti'],0.000100277773021015,0.21176691552800858,0.338618679092857,0.34326530612244893,8.204565612870832,1.8956153061224486,0.025349634874071283,3.9991257744866813,37.80549089878061,51.51020408163263,151.7239351232314,194.469387755102
50,35,Hf0.25NbTaW0.5,,,25.0,1037.0,2568.0,42.7,10.1016/j.jmst.2021.05.015,,,,Hf0.25 Nb1 Ta1 W0.5,True,0.0,0.3636363636363636,0.3636363636363636,0.0,0.1818181818181818,0.0,0.0,0.0,0.0,0.0,0.0,0.0,0.0,0.0,0.0909090909090909,0.0,0.0,0.0,0.3493212669683258,-3.438016528925619,10.506022946667752,3096.0,5.09090909090909,0.26317272471118625,186.21364326597362,200.90909090909088,['Nb' 'Ta' 'W' 'Hf'],0.00025215753262644564,0.26317272471118625,0.34798821669780144,0.3536363636363636,11.599524542843433,1.8793454545454544,0.03627826365351287,3.998367141279957,52.20188896084,70.18181818181817,142.32608668966282,187.63636363636363
54,64,TaTiNbZrW,,,22.0,1871.0,1992.0,2.0,10.1016/j.jallcom.2021.162042,,,,Nb1 Ta1 Ti1 W1 Zr1,False,0.0,0.2,0.2,0.0,0.2,0.0,0.2,0.0,0.0,0.0,0.0,0.0,0.0,0.0,0.0,0.2,0.0,0.0,0.398933850254422,-3.200000000000001,13.380866803977112,2760.7999999999997,4.8,0.25930372148859526,133.2358874737018,171.95833333333334,['Nb' 'Ta' 'W' 'Ti' 'Zr'],0.00043464608488994936,0.25930372148859526,0.3315917798676419,0.336,10.622975844518631,1.9445,0.053829736818351626,3.9963446689266933,49.759836258850214,68.6,122.31127280343935,177.00000000000003
55,68,W5Ta31.666V31.667Zr31.667,,,25.0,1679.0,2106.0,3.16,10.3390/e24101342,,,,Ta31.666 V31.667 W5 Zr31.667,False,0.0,0.0,0.31666,0.31667,0.05,0.0,0.0,0.0,0.0,0.0,0.0,0.0,0.0,0.0,0.0,0.31667,0.0,0.0,0.3601568220980905,-1.8789284447999999,10.327625171889753,2591.72577,4.73333,0.17115490326463498,121.04868323718091,151.60012708333335,['Ta' 'V' 'W' 'Zr'],0.0006119674388189296,0.17115490326463498,0.3451642299323707,0.34650010000000003,10.229963436765157,1.94048343,0.08038830207500132,3.99153473668546,46.79337223009949,54.59982,110.80909593442352,141.19941
56,69,W10Ta30V30Zr30,,,25.0,1799.0,2213.0,2.45,10.3390/e24101342,,,,Ta30 V30 W10 Zr30,False,0.0,0.0,0.3,0.3,0.1,0.0,0.0,0.0,0.0,0.0,0.0,0.0,0.0,0.0,0.0,0.3,0.0,0.0,0.37639703008987885,-2.7600000000000002,10.923216151964498,2649.8,4.8,0.21603128054740953,125.06115321797641,159.9375,['Ta' 'V' 'W' 'Zr'],0.0006570050300547086,0.21603128054740953,0.34098741529525656,0.343,10.542654120828077,1.930015,0.0794017766676073,3.991815938495164,48.60830115661852,60.199999999999996,115.2395797002418,155.39999999999998
57,70,W15Ta28.333V28.334Zr28.334,,,25.0,1891.0,2231.0,2.0,10.3390/e24101342,,,,Ta28.333 V28.334 W15 Zr28.334,False,0.0,0.0,0.2833271667283327,0.2833371666283337,0.1499985000149998,0.0,0.0,0.0,0.0,0.0,0.0,0.0,0.0,0.0,0.0,0.2833371666283337,0.0,0.0,0.3910280386235432,-3.532230467037435,11.278178606419619,2707.8573614263855,4.866661333386666,0.2540034919318981,129.3474373543565,168.27348809845233,['Ta' 'V' 'W' 'Zr'],0.0006877464000737586,0.2540034919318981,0.3369107801763313,0.33950020499795,10.881421404440887,1.9195487440125596,0.07828629952034243,3.992116183852942,50.569267128687315,65.79965200347995,120.03780604622978,169.59898401015988
58,71,W20Ta26.666V26.667Zr26.667,,,25.0,1985.0,2270.0,1.54,10.3390/e24101342,,,,Ta26.666 V26.667 W20 Zr26.667,False,0.0,0.0,0.26666,0.26667,0.2,0.0,0.0,0.0,0.0,0.0,0.0,0.0,0.0,0.0,0.0,0.26667,0.0,0.0,0.4042783544173308,-4.195580444800001,11.467435802646573,2765.92577,4.93333,0.28655261836974083,133.93887861297333,176.61054375,['Ta' 'V' 'W' 'Zr'],0.0007064403173996885,0.28655261836974083,0.3329301448208323,0.3360001,11.249685103546664,1.90908093,0.07703288517571731,3.9924356134513,52.695437766667105,71.39982,125.25391242070005,183.79941000000002
59,72,W25Ta25V25Zr25,,,25.0,1934.0,2116.0,1.19,10.3390/e24101342,,,,Ta25 V25 W25 Zr25,False,0.0,0.0,0.25,0.25,0.25,0.0,0.0,0.0,0.0,0.0,0.0,0.0,0.0,0.0,0.0,0.25,0.0,0.0,0.41633342720360467,-4.75,11.52565131835077,2824.0,5.0,0.31476050830889535,138.8688075886421,184.94791666666666,['Ta' 'V' 'W' 'Zr'],0.0007150376977837719,0.31476050830889535,0.329042503503036,0.3325,11.651283232450858,1.8986125,0.07563267536105123,3.992774044165055,55.008390679506945,77.0,130.94443866886252,198.0
60,80,Ti5.9Nb23.5Mo23.5Ta23.5W23.5,,,25.0,1109.0,1197.0,2.5,10.1016/j.msea.2017.12.004,,,,Mo23.5 Nb23.5 Ta23.5 Ti5.9 W23.5,False,0.2352352352352352,0.2352352352352352,0.2352352352352352,0.0,0.2352352352352352,0.0,0.059059059059059,0.0,0.0,0.0,0.0,0.0,0.0,0.0,0.0,0.0,0.0,0.0,0.3168103839520741,-6.143901659417173,12.71037438591214,3085.889889889889,5.411411411411411,0.274835912918442,204.98529893423867,220.56056056056053,['Mo' 'Nb' 'Ta' 'W' 'Ti'],9.182047946181826e-05,0.274835912918442,0.32642773648720663,0.3317617617617617,8.713996396383852,1.8436396396396393,0.024903641565507152,3.9991728385618512,41.20911480943281,69.87587587587588,188.62514267549315,249.3783783783783
61,81,Ti11.1Nb22.2Mo22.2Ta22.2W22.2,,,25.0,1211.0,1578.0,5.9,10.1016/j.msea.2017.12.004,,,,Mo22.2 Nb22.2 Ta22.2 Ti11.1 W22.2,False,0.2222222222222222,0.2222222222222222,0.2222222222222222,0.0,0.2222222222222222,0.0,0.1111111111111111,0.0,0.0,0.0,0.0,0.0,0.0,0.0,0.0,0.0,0.0,0.0,0.31917098445595854,-5.82716049382716,13.145213438928542,3022.555555555555,5.333333333333334,0.26678493449781654,195.63992493816852,214.44444444444443,['Mo' 'Nb' 'Ta' 'W' 'Ti'],0.00010471993006682785,0.26678493449781654,0.32606541981499787,0.33111111111111113,8.731905743736204,1.8549999999999998,0.026081521604453102,3.99909158853884,41.35422056015565,68.44444444444444,182.31095810229766,241.99999999999997
62,82,Ti15.8Nb21.1Mo21.1Ta21.1W21.1,,,25.0,1304.0,1593.0,8.4,10.1016/j.msea.2017.12.004,,,,Mo21.1 Nb21.1 Ta21.1 Ti15.8 W21.1,False,0.2105788423153692,0.2105788423153692,0.2105788423153692,0.0,0.2105788423153692,0.0,0.1576846307385229,0.0,0.0,0.0,0.0,0.0,0.0,0.0,0.0,0.0,0.0,0.0,0.32140025789197185,-5.5414599941832865,13.331561299706413,2965.8872255489014,5.2634730538922145,0.2605190018451966,187.97216142664817,208.97205588822348,['Mo' 'Nb' 'Ta' 'W' 'Ti'],0.0001109403185345351,0.2605190018451966,0.3257419184488129,0.33052894211576833,8.748058477501994,1.865164670658682,0.02690511571489183,3.9990311760515667,41.484922739239956,67.16367265469059,177.0092613247346,235.3982035928143
63,84,NbTaW,,,25.0,1298.0,1460.0,16.2,10.1016/j.jallcom.2021.159740,,,,Nb1 Ta1 W1,True,0.0,0.3333333333333333,0.3333333333333333,0.0,0.3333333333333333,0.0,0.0,0.0,0.0,0.0,0.0,0.0,0.0,0.0,0.0,0.0,0.0,0.0,0.3911764705882353,-6.666666666666666,9.133862567986663,3244.9999999999995,5.333333333333333,0.31501831501831495,212.64290517821118,226.66666666666663,['Nb' 'Ta' 'W'],3.646138616951182e-05,0.31501831501831495,0.33286713286713293,0.34,13.619254377831387,1.8408333333333333,0.020917376365934347,3.9994044075194237,63.22132538172844,88.66666666666666,173.07781874636134,234.0
64,85,Nb31.67Ta31.67W31.67Mo5,,,25.0,1210.0,1252.0,8.3,10.1016/j.jallcom.2021.159740,,,,Mo5 Nb31.67 Ta31.67 W31.67,False,0.04999500049995,0.3166683331666833,0.3166683331666833,0.0,0.3166683331666833,0.0,0.0,0.0,0.0,0.0,0.0,0.0,0.0,0.0,0.0,0.0,0.0,0.0,0.3757546637514546,-6.713330666733346,10.3275484472342,3227.551744825517,5.366663333666633,0.29380483425391296,213.4482248807622,226.83331666833317,['Mo' 'Nb' 'Ta' 'W'],4.935335458839861e-05,0.29380483425391296,0.331644069849267,0.33850014998500144,12.249679354976312,1.8388168683131685,0.021632953366137197,3.9993652761020684,57.05676890246732,85.23367663233675,177.27825154031555,238.74952504749524
65,86,Nb28.33Ta28.33W28.33Mo15,,,25.0,1092.0,1119.0,6.5,10.1016/j.jallcom.2021.159740,,,,Mo15 Nb28.33 Ta28.33 W28.33,False,0.15001500150015,0.2833283328332833,0.2833283328332833,0.0,0.2833283328332833,0.0,0.0,0.0,0.0,0.0,0.0,0.0,0.0,0.0,0.0,0.0,0.0,0.0,0.3449697108442222,-6.686650663266145,11.278265853561832,3192.6447644764476,5.433343334333433,0.2827901762683542,215.07779586085658,227.16671667166713,['Mo' 'Nb' 'Ta' 'W'],6.340995980552612e-05,0.2827901762683542,0.32922399013728726,0.3354995499549955,10.180986408322262,1.834782728272827,0.02265587087343252,3.999309166017745,47.74330928844597,78.36563656365635,186.32481432980205,248.25142514251422
66,117,WNbMoTaZr0.1,,,25.0,1223.0,1421.0,6.4,10.1016/j.msea.2022.142701,,,,Mo1 Nb1 Ta1 W1 Zr0.1,False,0.2439024390243902,0.2439024390243902,0.2439024390243902,0.0,0.2439024390243902,0.0,0.0,0.0,0.0,0.0,0.0,0.0,0.0,0.0,0.0,0.024390243902439,0.0,0.0,0.31549244575712826,-6.377156454491373,12.19786502779669,3132.6341463414633,5.463414634146341,0.29416899441340777,206.1459519407405,223.6534552845528,['Mo' 'Nb' 'Ta' 'W' 'Zr'],0.00018666216931747517,0.29416899441340777,0.3271486508408587,0.3326829268292683,8.646020584671563,1.8385609756097558,0.032108412269050306,3.998723640786607,40.80306573225718,70.56097560975608,187.51176557374248,253.09756097560972
67,118,WNbMoTaZr0.3,,,25.0,1448.0,1819.0,9.9,10.1016/j.msea.2022.142701,,,,Mo1 Nb1 Ta1 W1 Zr0.3,False,0.2325581395348837,0.2325581395348837,0.2325581395348837,0.0,0.2325581395348837,0.0,0.0,0.0,0.0,0.0,0.0,0.0,0.0,0.0,0.0,0.0697674418604651,0.0,0.0,0.3178516280631084,-6.143861546782042,12.82528552396791,3085.906976744185,5.395348837209301,0.29717566728739925,188.9736682280176,216.4970930232558,['Mo' 'Nb' 'Ta' 'W' 'Zr'],0.0003532014735791446,0.29717566728739925,0.3277248076029131,0.3330232558139535,8.558514978492878,1.8530930232558138,0.0431684454749075,3.9977518478192344,40.359196161364736,68.81395348837208,173.03565819678374,244.44186046511624
68,119,WNbMoTaZr0.5,,,25.0,1575.0,2107.0,12.6,10.1016/j.msea.2022.142701,,,,Mo1 Nb1 Ta1 W1 Zr0.5,True,0.2222222222222222,0.2222222222222222,0.2222222222222222,0.0,0.2222222222222222,0.0,0.0,0.0,0.0,0.0,0.0,0.0,0.0,0.0,0.0,0.1111111111111111,0.0,0.0,0.3201411090287731,-5.925925925925926,13.145213438928542,3043.333333333333,5.333333333333334,0.2995810055865922,175.64289976384575,209.97685185185182,['Mo' 'Nb' 'Ta' 'W' 'Zr'],0.0004531201148921384,0.2995810055865922,0.3282515200949133,0.33333333333333337,8.480434653821643,1.866333333333333,0.050279648364991054,3.9969448822860545,39.96310681154156,67.22222222222223,161.66438802050857,236.55555555555554
69,120,WNbMoTaZr,,,25.0,1618.0,2439.0,20.0,10.1016/j.msea.2022.142701,,,,Mo1 Nb1 Ta1 W1 Zr1,True,0.2,0.2,0.2,0.0,0.2,0.0,0.0,0.0,0.0,0.0,0.0,0.0,0.0,0.0,0.0,0.2,0.0,0.0,0.3255794173931533,-5.440000000000001,13.380866803977112,2951.7999999999997,5.2,0.3039106145251395,152.51182233436666,195.95833333333334,['Mo' 'Nb' 'Ta' 'W' 'Zr'],0.0005501318928905405,0.3039106145251395,0.32938970489754005,0.334,8.317662664772046,1.8948,0.06056026711139576,3.9954705619329367,39.13729717355813,63.800000000000004,141.6505615674568,219.6
70,122,Re0.5NbMoTaW,,,25.0,1147.0,1465.0,7.01,10.1016/j.jallcom.2020.154301,,,,Mo1 Nb1 Re0.5 Ta1 W1,False,0.2222222222222222,0.2222222222222222,0.2222222222222222,0.0,0.2222222222222222,0.0,0.0,0.0,0.0,0.0,0.0,0.0,0.1111111111111111,0.0,0.0,0.0,0.0,0.0,0.3424657534246575,-9.777777777777777,13.145213438928542,3191.111111111111,5.666666666666667,0.25275735294117646,227.1885432338921,243.33333333333331,['Mo' 'Nb' 'Ta' 'W' 'Re'],7.127316223532882e-05,0.25275735294117646,0.32362277637884823,0.3288888888888889,9.429793004251744,1.8146999999999998,0.02245683391177147,3.999330684050057,44.88270734931256,83.33333333333333,209.76409030908223,280.55555555555554
71,123,ReNbMoTaW,,,25.0,1062.0,1147.0,4.22,10.1016/j.jallcom.2020.154301,,,,Mo1 Nb1 Re1 Ta1 W1,False,0.2,0.2,0.2,0.0,0.2,0.0,0.0,0.0,0.0,0.0,0.0,0.0,0.2,0.0,0.0,0.0,0.0,0.0,0.36250000000000004,-11.680000000000003,13.380866803977112,3217.7999999999997,5.800000000000001,0.2394957983193276,236.30954607798247,256.0,['Mo' 'Nb' 'Ta' 'W' 'Re'],7.097243917057803e-05,0.2394957983193276,0.3210943960077176,0.326,10.126255451102942,1.80186,0.021752002079590764,3.99937497614932,48.510570136693424,92.80000000000001,221.90086513492324,298.8
72,124,NbMoTaWCr,,,25.0,1056.0,1104.0,4.6,10.1016/j.intermet.2020.106928,,,,Cr1 Mo1 Nb1 Ta1 W1,False,0.2,0.2,0.2,0.0,0.2,0.2,0.0,0.0,0.0,0.0,0.0,0.0,0.0,0.0,0.0,0.0,0.0,0.0,0.3747663551401869,-6.240000000000001,13.380866803977112,2962.2,5.6000000000000005,0.24568965517241365,202.3801076099161,214.0,['Mo' 'Nb' 'Ta' 'W' 'Cr'],0.00034859979352216226,0.24568965517241365,0.294112175611571,0.308,9.44688723929708,1.8111000000000002,0.04820786889586682,3.9967065139897384,47.104045671524474,80.2,208.70738303018675,262.0
73,127,NbMoTaWHf,,,25.0,1252.0,1252.0,5.7,10.1016/j.intermet.2020.106929,,,,Hf1 Mo1 Nb1 Ta1 W1,False,0.2,0.2,0.2,0.0,0.2,0.0,0.0,0.0,0.0,0.0,0.0,0.0,0.0,0.0,0.2,0.0,0.0,0.0,0.30980392156862746,-4.640000000000001,13.380866803977112,3027.3999999999996,5.2,0.31165919282511195,181.50866287942213,204.0,['Mo' 'Nb' 'Ta' 'W' 'Hf'],0.0004413156147020717,0.31165919282511195,0.33464706408758643,0.34,8.235681790442623,1.8778000000000001,0.054241166082725494,3.9963157957863684,38.23048632247193,63.2,150.63294396855744,221.79999999999998
74,128,ReMoTaW,,,25.0,,1451.0,5.69,10.1016/j.ijrmhm.2018.05.006,,,,Mo1 Re1 Ta1 W1,False,0.25,0.0,0.25,0.0,0.25,0.0,0.0,0.0,0.0,0.0,0.0,0.0,0.25,0.0,0.0,0.0,0.0,0.0,0.3837837837837838,-8.25,11.52565131835077,3334.75,6.0,0.23905723905723905,261.84290517487375,277.5,['Mo' 'Ta' 'W' 'Re'],4.804598934605911e-05,0.23905723905723905,0.3060035253862372,0.3075,10.44015057962776,1.7715875,0.01960530323071976,3.999501036801782,52.11418738418175,106.5,307.48475543539445,347.25
75,406,W35.0Ta35.0Mo10.0Nb10.0V10.0,FCC,,25.0,,2238.0,,10.1016/j.jallcom.2021.162505,,,,Mo10 Nb10 Ta35 V10 W35,,0.1,0.1,0.35,0.1,0.35,0.0,0.0,0.0,0.0,0.0,0.0,0.0,0.0,0.0,0.0,0.0,0.0,0.0,0.3850746268656716,-5.81,11.852862539103153,3227.6499999999996,5.449999999999999,0.3084436160298229,220.89439358146976,234.5,['Mo' 'Nb' 'Ta' 'V' 'W'],0.00010893520555419857,0.3084436160298229,0.32028054729718636,0.325,12.139444464364239,1.8165775000000002,0.028052723040627836,3.9989366306098812,58.28513874302917,90.3,209.60474950917708,265.15
76,459,Co34.5Cr30.0Ni26.5Al5.4W3.6,FCC+σ,,25.0,,,,10.1016/j.msea.2021.142140,,1798.0,1.0,Al5.4 Co34.5 Cr30 Ni26.5 W3.6,False,0.0,0.0,0.0,0.0,0.036,0.3,0.0,0.054,0.345,0.0,0.0,0.265,0.0,0.0,0.0,0.0,0.0,0.0,0.5088291036841862,-7.341671999999999,11.286732959590347,1905.282,7.933,0.11080859197834712,164.1889396247132,173.064,['W' 'Cr' 'Al' 'Co' 'Ni'],0.0002831984321953555,0.11080859197834712,0.27180039580149806,0.28108,14.616389088677575,1.7738330999999996,0.03638065864300047,3.998464736810578,77.30641563352012,88.06,203.6657250944745,227.381
77,529,(CoCrFeNi)99(WMo)1,matrix+σ phase,,25.0,,,,10.1016/j.jallcom.2022.163774,216.0,444.0,52.4,Co99 Cr99 Fe99 Mo1 Ni99 W1,True,0.0025125628140703,0.0,0.0,0.0,0.0025125628140703,0.2487437185929648,0.0,0.0,0.2487437185929648,0.0,0.2487437185929648,0.2487437185929648,0.0,0.0,0.0,0.0,0.0,0.0,0.5044589687726944,-3.75490517916214,11.759514565222457,1878.9045226130647,8.238693467336683,0.06986933292305832,172.39313835958956,172.98994974874364,['Mo' 'W' 'Cr' 'Co' 'Fe' 'Ni'],1.2212109726677706e-05,0.06986933292305832,0.2729177551915487,0.2800753768844221,15.875611011768935,1.7550060301507533,0.007318889553049064,3.999935324485451,84.14979466505933,87.26633165829143,221.33369451689234,225.47989949748737
78,530,(CoCrFeNi)97(WMo)3,matrix+σ phase,,25.0,,,,10.1016/j.jallcom.2022.163774,268.0,507.0,51.8,Co97 Cr97 Fe97 Mo3 Ni97 W3,True,0.0076142131979695,0.0,0.0,0.0,0.0076142131979695,0.2461928934010152,0.0,0.0,0.2461928934010152,0.0,0.2461928934010152,0.2461928934010152,0.0,0.0,0.0,0.0,0.0,0.0,0.5017651349380015,-3.7641268777860786,12.093340240066864,1893.4314720812179,8.215736040609135,0.07397638690806183,173.00909590976522,173.984771573604,['Mo' 'W' 'Cr' 'Co' 'Fe' 'Ni'],3.384760166275838e-05,0.07397638690806183,0.2731206930895746,0.28022842639593903,15.661643212339563,1.7551705583756338,0.011945227358481048,3.9998295561297406,82.988072595082,87.29949238578678,222.23243333891742,226.96192893401007
79,531,(CoCrFeNi)95(WMo)5,matrix+σ phase,,25.0,,,,10.1016/j.jallcom.2022.163774,379.0,665.0,40.2,Co95 Cr95 Fe95 Mo5 Ni95 W5,True,0.0128205128205128,0.0,0.0,0.0,0.0128205128205128,0.2435897435897435,0.0,0.0,0.2435897435897435,0.0,0.2435897435897435,0.2435897435897435,0.0,0.0,0.0,0.0,0.0,0.0,0.499047619047619,-3.772518080210385,12.369305503917474,1908.2564102564093,8.19230769230769,0.07803188107088824,173.6422430643198,174.99999999999994,['Mo' 'W' 'Cr' 'Co' 'Fe' 'Ni'],5.4709411640580774e-05,0.07803188107088824,0.2733281052060084,0.2803846153846153,15.449294806700573,1.7553384615384608,0.01521089887218412,3.999723723331714,81.83513068908796,87.3333333333333,223.15716402027456,228.4743589743589
80,532,(CoCrFeNi)93 (WMo)1(AlTi)6,matrix+σ phase,,25.0,,,,10.1016/j.jallcom.2022.163774,257.0,496.0,38.9,Al6 Co93 Cr93 Fe93 Mo1 Ni93 Ti6 W1,True,0.0025906735751295,0.0,0.0,0.0,0.0025906735751295,0.2409326424870466,0.0155440414507772,0.0155440414507772,0.2409326424870466,0.0,0.2409326424870466,0.2409326424870466,0.0,0.0,0.0,0.0,0.0,0.0,0.5022027770181995,-5.699267094418641,12.736468594532987,1865.6113989637302,8.090673575129532,0.0782544220052063,167.62867777833395,170.53367875647666,['Mo' 'W' 'Cr' 'Ti' 'Al' 'Co' 'Fe' 'Ni'],0.00019443641479915865,0.0782544220052063,0.27449144784300833,0.2817875647668393,15.184951915481818,1.764788082901554,0.02861504553008064,3.9990891190087137,80.1902218104053,85.64248704663211,211.27777430279312,221.4067357512953
81,533,(CoCrFeNi)91 (WMo)3(AlTi)6,matrix+σ phase,,25.0,,,,10.1016/j.jallcom.2022.163774,402.0,570.0,23.1,Al6 Co91 Cr91 Fe91 Mo3 Ni91 Ti6 W3,True,0.0078534031413612,0.0,0.0,0.0,0.0078534031413612,0.2382198952879581,0.0157068062827225,0.0157068062827225,0.2382198952879581,0.0,0.2382198952879581,0.2382198952879581,0.0,0.0,0.0,0.0,0.0,0.0,0.4993742941733052,-5.710369781530108,13.082688941871861,1880.4554973821982,8.06544502617801,0.08270134173919566,168.18051515185783,171.53403141361252,['Mo' 'W' 'Cr' 'Ti' 'Al' 'Co' 'Fe' 'Ni'],0.00021448163651829059,0.08270134173919566,0.27471978752368276,0.28196335078534024,14.977299838850232,1.7650602094240833,0.03009986400048283,3.998981758900566,79.0634304160134,85.65968586387432,212.02110504206104,222.892670157068
82,534,(CoCrFeNi)89 (WMo)5(AlTi)6,matrix+σ phase,,25.0,,,,10.1016/j.jallcom.2022.163774,450.0,600.0,10.6,Al6 Co89 Cr89 Fe89 Mo5 Ni89 Ti6 W5,True,0.0132275132275132,0.0,0.0,0.0,0.0132275132275132,0.2354497354497354,0.0158730158730158,0.0158730158730158,0.2354497354497354,0.0,0.2354497354497354,0.2354497354497354,0.0,0.0,0.0,0.0,0.0,0.0,0.4965197927206942,-5.720220598527464,13.369263157944772,1895.6137566137559,8.039682539682538,0.08709596396180903,168.7477937496888,172.55555555555551,['Mo' 'W' 'Cr' 'Ti' 'Al' 'Co' 'Fe' 'Ni'],0.00023371805945206003,0.08709596396180903,0.27495335216408257,0.2821428571428571,14.77119287319331,1.7653380952380946,0.03150266142385021,3.9988746334407708,77.94500786115533,85.67724867724866,212.7855847948868,224.41005291005285
85,816,Co2.0Mo0.5Ni2.0VW0.5,FCC+μ,376.0,25.0,,925.0,55.0,dx.doi.org/10.1016/j.matdes.2016.07.113,,,,Co2 Mo0.5 Ni2 V1 W0.5,True,0.0833333333333333,0.0,0.0,0.1666666666666666,0.0833333333333333,0.0,0.0,0.0,0.3333333333333333,0.0,0.0,0.3333333333333333,0.0,0.0,0.0,0.0,0.0,0.0,0.38391304347826083,-8.944444444444441,12.015275397574356,2078.416666666666,8.166666666666664,0.12603925439429026,185.9943842275294,191.66666666666663,['Mo' 'V' 'W' 'Co' 'Ni'],0.00021120935889688217,0.12603925439429026,0.3157139346276727,0.31749999999999995,12.046733860792036,1.7837916666666664,0.03567645956775968,3.998374716934305,58.815592331673706,73.58333333333331,199.2152258727203,219.3333333333333
86,817,Co2.0Mo0.6Ni2.0VW0.6,FCC+μ,560.0,25.0,,1411.0,11.8,dx.doi.org/10.1016/j.matdes.2016.07.113,,,,Co2 Mo0.6 Ni2 V1 W0.6,True,0.0967741935483871,0.0,0.0,0.1612903225806451,0.0967741935483871,0.0,0.0,0.0,0.3225806451612903,0.0,0.0,0.3225806451612903,0.0,0.0,0.0,0.0,0.0,0.0,0.3817275747508306,-8.720083246618103,12.273351595803849,2117.6774193548385,8.096774193548388,0.1317094769172136,187.7854542665479,194.19354838709677,['Mo' 'V' 'W' 'Co' 'Ni'],0.00022194493980211307,0.1317094769172136,0.3149723180106932,0.31677419354838704,11.779166606620048,1.78338064516129,0.036960407401485096,3.998248344432688,57.60214384629652,74.12903225806451,202.18199892761422,224.19354838709677
87,818,Co2.0Mo0.8Ni2.0VW0.8,FCC+μ,577.0,25.0,,1431.0,14.4,dx.doi.org/10.1016/j.matdes.2016.07.113,,,,Co2 Mo0.8 Ni2 V1 W0.8,True,0.1212121212121212,0.0,0.0,0.1515151515151515,0.1212121212121212,0.0,0.0,0.0,0.303030303030303,0.0,0.0,0.303030303030303,0.0,0.0,0.0,0.0,0.0,0.0,0.37789634146341466,-8.301193755739208,12.64622465907045,2189.0606060606056,7.969696969696969,0.1406274183562916,191.13189559370224,198.78787878787875,['Mo' 'V' 'W' 'Co' 'Ni'],0.0002354158062422835,0.1406274183562916,0.3136328125,0.31545454545454543,11.320043414032142,1.782633333333333,0.03885760519242689,3.998047841958392,55.519515169103386,75.12121212121211,207.80881972571626,233.030303030303
88,819,Co2.0Mo1.5Ni2.0VW1.5,FCC+BCC+μ,583.0,25.0,,1320.0,13.9,dx.doi.org/10.1016/j.matdes.2016.07.113,,,,Co2 Mo1.5 Ni2 V1 W1.5,True,0.1875,0.0,0.0,0.125,0.1875,0.0,0.0,0.0,0.25,0.0,0.0,0.25,0.0,0.0,0.0,0.0,0.0,0.0,0.3683431952662722,-7.09375,13.142925307134234,2382.6875,7.625,0.1573799231029743,200.84015942489665,211.25,['Mo' 'V' 'W' 'Co' 'Ni'],0.0002470533708464435,0.1573799231029743,0.3100561153683702,0.311875,10.22748911932211,1.7806062500000002,0.041693149231218966,3.9976966287920344,50.56092771053883,77.8125,224.7772935425755,257.0
89,820,Co2.0Mo1.75Ni2.0VW1.75,FCC+BCC+μ,667.0,25.0,,1607.0,9.4,dx.doi.org/10.1016/j.matdes.2016.07.113,,,,Co2 Mo1.75 Ni2 V1 W1.75,False,0.2058823529411764,0.0,0.0,0.1176470588235294,0.2058823529411764,0.0,0.0,0.0,0.2352941176470588,0.0,0.0,0.2352941176470588,0.0,0.0,0.0,0.0,0.0,0.0,0.36589041095890407,-6.7404844290657415,13.164796853915712,2436.3823529411757,7.5294117647058805,0.16039343280690713,203.70953058985555,214.70588235294113,['Mo' 'V' 'W' 'Co' 'Ni'],0.0002467002766151662,0.16039343280690713,0.30907866059044986,0.31088235294117644,9.958386505215328,1.7800441176470585,0.041966730347809345,3.9976497421762858,49.338933773266966,78.55882352941174,229.9849852838198,263.6470588235294
90,821,Co2.0MoNi2.0VW,FCC+BCC+μ,510.0,25.0,,1371.0,16.0,dx.doi.org/10.1016/j.matdes.2016.07.113,,,,Co2 Mo1 Ni2 V1 W1,True,0.1428571428571428,0.0,0.0,0.1428571428571428,0.1428571428571428,0.0,0.0,0.0,0.2857142857142857,0.0,0.0,0.2857142857142857,0.0,0.0,0.0,0.0,0.0,0.0,0.37464788732394366,-7.918367346938772,12.885253745431367,2252.2857142857138,7.857142857142855,0.14719898337392778,194.19708719500665,202.85714285714278,['Mo' 'V' 'W' 'Co' 'Ni'],0.00024232853656245954,0.14719898337392778,0.31245587213342607,0.3142857142857142,10.940359707087515,1.781971428571428,0.04012617607416674,3.997902031625669,53.79676228708578,75.99999999999997,213.06073446845423,240.8571428571428
91,853,W0.5Ni2.0Co2.0CrMo0.5,FCC+μ+σ(MoNi4),306.8,25.0,,250.0,55.0,dx.doi.org/10.4028/www.scientific.net/MSF.816.324,,,,Co2 Cr1 Mo0.5 Ni2 W0.5,True,0.0833333333333333,0.0,0.0,0.0,0.0833333333333333,0.1666666666666666,0.0,0.0,0.3333333333333333,0.0,0.0,0.3333333333333333,0.0,0.0,0.0,0.0,0.0,0.0,0.44304347826086954,-4.166666666666665,12.015275397574356,2077.916666666666,8.333333333333332,0.11998258927726575,185.9943842275294,191.66666666666663,['Mo' 'W' 'Cr' 'Co' 'Ni'],0.00022219117375880482,0.11998258927726575,0.28484958979033737,0.2908333333333333,12.9570176312985,1.7652249999999998,0.03420686998556706,3.998555508171802,67.08946358402633,84.91666666666664,231.75052280761216,244.49999999999994
92,854,W0.5Ni2.0Co2.0VCr0.5,FCC+Laves,255.88,25.0,,750.0,,dx.doi.org/10.4028/www.scientific.net/MSF.816.324,,,,Co2 Cr0.5 Ni2 V1 W0.5,,0.0,0.0,0.0,0.1666666666666666,0.0833333333333333,0.0833333333333333,0.0,0.0,0.3333333333333333,0.0,0.0,0.3333333333333333,0.0,0.0,0.0,0.0,0.0,0.0,0.4385650224215246,-8.805555555555554,12.015275397574356,2018.7499999999995,8.166666666666664,0.12531979533098817,180.66779089376055,185.83333333333331,['V' 'W' 'Cr' 'Co' 'Ni'],0.00015936396029814174,0.12531979533098817,0.3034503031416499,0.3091666666666666,14.82799209466589,1.778125,0.030371647073547284,3.998838572904577,73.74487074271647,81.49999999999999,197.4298730623441,215.1666666666666
93,867,CrFeNi2.0V0.5W,,305.0,25.0,,900.0,70.0,dx.doi.org/10.1007/s11665-015-1767-8,,,,Cr1 Fe1 Ni2 V0.5 W1,True,0.0,0.0,0.0,0.0909090909090909,0.1818181818181818,0.1818181818181818,0.0,0.0,0.0,0.0,0.1818181818181818,0.3636363636363636,0.0,0.0,0.0,0.0,0.0,0.0,0.4939814814814813,-5.685950413223139,12.601595913640617,2224.272727272727,7.727272727272727,0.17224614529795804,185.84678406839285,196.36363636363637,['V' 'W' 'Cr' 'Fe' 'Ni'],0.0002166009304331429,0.17224614529795804,0.28083328003274793,0.28818181818181815,16.486920841060172,1.7713363636363635,0.03787485110219054,3.998192551294971,85.86231467035603,96.99999999999997,223.0069733282159,248.18181818181816
94,868,CrFeNi2.0V0.5W0.25,,226.0,25.0,,410.0,70.0,dx.doi.org/10.1007/s11665-015-1767-8,,,,Cr1 Fe1 Ni2 V0.5 W0.25,True,0.0,0.0,0.0,0.1052631578947368,0.0526315789473684,0.2105263157894736,0.0,0.0,0.0,0.0,0.2105263157894736,0.4210526315789473,0.0,0.0,0.0,0.0,0.0,0.0,0.4870206489675516,-6.8919667590027665,11.741187899875774,1992.0526315789466,7.999999999999997,0.12115999016957484,174.7935507334223,178.4210526315789,['V' 'W' 'Cr' 'Fe' 'Ni'],0.00013833221044242292,0.12115999016957484,0.28096530415559445,0.2894736842105262,15.398750686134548,1.776031578947368,0.026519695672673486,3.999129546958618,79.96948498840223,86.89473684210523,207.98588388648466,222.47368421052622
95,869,CrFeNi2.0V0.5W0.5,,289.3,25.0,,520.0,70.0,dx.doi.org/10.1007/s11665-015-1767-8,,,,Cr1 Fe1 Ni2 V0.5 W0.5,True,0.0,0.0,0.0,0.1,0.1,0.2,0.0,0.0,0.0,0.0,0.2,0.4,0.0,0.0,0.0,0.0,0.0,0.0,0.4897297297297298,-6.4399999999999995,12.228301672142035,2077.2,7.9,0.14233082923178766,178.6903388353858,185.0,['V' 'W' 'Cr' 'Fe' 'Ni'],0.0001830651921009683,0.14233082923178766,0.2809168808997891,0.28900000000000003,15.779937045184806,1.7743100000000003,0.03172816324281813,3.998749554233899,82.03384674305187,90.60000000000001,213.2527099721049,231.90000000000003
96,870,CrFeNi2.0V0.5W0.75,,289.3,25.0,,700.0,70.0,dx.doi.org/10.1007/s11665-015-1767-8,,,,Cr1 Fe1 Ni2 V0.5 W0.75,True,0.0,0.0,0.0,0.0952380952380952,0.1428571428571428,0.1904761904761904,0.0,0.0,0.0,0.0,0.1904761904761904,0.3809523809523809,0.0,0.0,0.0,0.0,0.0,0.0,0.49201995012468824,-6.040816326530609,12.481670719169385,2154.2380952380945,7.8095238095238075,0.15891040199135198,182.36880049435842,190.9523809523809,['V' 'W' 'Cr' 'Fe' 'Ni'],0.00020624249744199838,0.15891040199135198,0.28087308376275405,0.2885714285714285,16.142202628270617,1.7727523809523804,0.035294971284628496,3.998441979577449,83.99563684419162,93.95238095238092,218.2531702853864,240.42857142857136
97,872,CrFeNiV0.5W0.25,,869.0,25.0,,1113.0,3.28,dx.doi.org/10.1007/s11665-015-1767-8,,,,Cr1 Fe1 Ni1 V0.5 W0.25,False,0.0,0.0,0.0,0.1333333333333333,0.0666666666666666,0.2666666666666666,0.0,0.0,0.0,0.0,0.2666666666666666,0.2666666666666666,0.0,0.0,0.0,0.0,0.0,0.0,0.5044943820224719,-5.724444444444441,12.52583156272644,2062.466666666666,7.466666666666665,0.1254427025286673,173.45564258068453,177.99999999999994,['V' 'W' 'Cr' 'Fe' 'Ni'],0.00015986202444541017,0.1254427025286673,0.27411888820359614,0.2839999999999999,15.431088210472195,1.7692399999999995,0.02911280584171264,3.998942973873851,81.09903374996149,89.79999999999997,210.22431989824813,228.46666666666658
98,873,CrFeNiV0.5W0.5,,777.0,25.0,,1306.0,4.49,dx.doi.org/10.1007/s11665-015-1767-8,,,,Cr1 Fe1 Ni1 V0.5 W0.5,False,0.0,0.0,0.0,0.125,0.125,0.25,0.0,0.0,0.0,0.0,0.25,0.25,0.0,0.0,0.0,0.0,0.0,0.0,0.5060402684563758,-5.1875,12.966357733144617,2164.5,7.375,0.1514376996805112,178.36589593677468,186.25,['V' 'W' 'Cr' 'Fe' 'Ni'],0.00020421886673111913,0.1514376996805112,0.27447921028428146,0.28375,15.916384446345468,1.7675124999999998,0.03435618936855755,3.9985192044482942,83.69504098803628,94.25,216.84493882608098,239.875
99,874,CrFeNiV0.5W0.75,,783.0,25.0,,1599.0,6.0,dx.doi.org/10.1007/s11665-015-1767-8,,,,Cr1 Fe1 Ni1 V0.5 W0.75,False,0.0,0.0,0.0,0.1176470588235294,0.1764705882352941,0.2352941176470588,0.0,0.0,0.0,0.0,0.2352941176470588,0.2352941176470588,0.0,0.0,0.0,0.0,0.0,0.0,0.5072948328267477,-4.733564013840828,13.129744281158676,2254.5294117647054,7.2941176470588225,0.17104796068979697,182.9352542469017,193.52941176470586,['V' 'W' 'Cr' 'Fe' 'Ni'],0.00022263377897883025,0.17104796068979697,0.27479792910379763,0.28352941176470586,16.371143330391508,1.7659882352941174,0.03775053202940524,3.998196696452465,86.12766638808262,98.17647058823528,223.0428636634921,249.94117647058823
100,919,Al8.0Co18.0Cr14.0Cu8.0Fe17.0Ni33.0MoTiW,FCC,230.0,25.0,,,,http://repository.yu.edu.jo/bitstream/123456789/911/1/633659.pdf,,,,Al8 Co18 Cr14 Cu8 Fe17 Mo1 Ni33 Ti1 W1,,0.0099009900990099,0.0,0.0,0.0,0.0099009900990099,0.1386138613861386,0.0099009900990099,0.0792079207920792,0.1782178217821782,0.0792079207920792,0.1683168316831683,0.3267326732673267,0.0,0.0,0.0,0.0,0.0,0.0,0.4612296260786193,-5.713165375943534,14.844460708777866,1752.6237623762372,8.316831683168315,0.08076706885057319,155.407594190484,165.22772277227722,['Mo' 'W' 'Cr' 'Ti' 'Al' 'Co' 'Cu' 'Fe' 'Ni'],0.00039485736577770633,0.08076706885057319,0.29181282287747673,0.2981188118811881,12.758982323968546,1.8049950495049503,0.04367762174200919,3.997779146867713,65.01840661069907,76.2079207920792,176.63833716510578,201.09900990099007
