,composition,is_ductile,Mo,Nb,Ta,V,W,Cr,Ti,Al,Co,Fe,Ni,Re,Hf,Zr,Ru,radius_deviation,Hmix,Smix,pauling pairwise mismatch,allen pairwise mismatch,r_s,shear modulus R_AVG,shear modulus V_AVG,youngs modulus R_AVG,youngs modulus V_AVG,bulk modulus R_AVG,bulk modulus V_AVG,poissons ratio R_AVG,poissons ratio V_AVG,VEC,Tm,pressure field,geometric_strain,residual_strain,G/B
340,Mo1 Nb1 Ta1 V1 W1,False,0.2,0.2,0.2,0.2,0.2,0.0,0.0,0.0,0.0,0.0,0.0,0.0,0.0,0.0,0.0,0.03150619513048345,-4.640000000000001,13.380866803977112,0.24648648648648636,0.24648648648648636,1.8333800000000002,42.11273228027797,66.6,177.3977063489831,231.8,202.38010760991617,214.0,0.33464706408758643,0.34,5.4,2962.8,9.072002366409999,0.0001488960497400145,3.9986654323639668,0.311214953271028
347,Mo1 Nb1 Ta1 W1,False,0.25,0.25,0.25,0.0,0.25,0.0,0.0,0.0,0.0,0.0,0.0,0.0,0.0,0.0,0.0,0.023182415280093526,-6.5,11.52565131835077,0.2747156605424322,0.2747156605424322,1.8307499999999999,41.0457038574286,71.5,196.34062973150515,257.75,216.7318566862609,227.5,0.3268398028683759,0.3325,5.5,3157.75,8.693857704445898,6.717804727733888e-05,3.999282481566826,0.3142857142857143
473,Cr1 Ta1 Ti0.17 V1 W1,False,0.0,0.0,0.2398081534772182,0.2398081534772182,0.2398081534772182,0.2398081534772182,0.0407673860911271,0.0,0.0,0.0,0.0,0.0,0.0,0.0,0.0,0.05154117163801311,-3.7633202790285747,12.472281058720572,0.24047704361128153,0.24047704361128153,1.8043836930455635,75.85619606018774,95.31894484412472,201.72525166007833,245.49640287769785,187.23681611692672,203.52517985611507,0.2874184634034146,0.30081534772182256,5.438848920863308,2800.4724220623502,14.974202392537341,0.0003757791941460398,3.996421706210931,0.4683398138329211
475,Cr1 Ta1 Ti0.3 V1 W1,False,0.0,0.0,0.2325581395348837,0.2325581395348837,0.2325581395348837,0.2325581395348837,0.0697674418604651,0.0,0.0,0.0,0.0,0.0,0.0,0.0,0.0,0.052723407029429036,-3.7641968631692793,12.82528552396791,0.23422516302263133,0.23422516302263133,1.8117790697674416,74.231381951082,93.7674418604651,197.3167636906765,241.5813953488372,183.34479524851517,200.69767441860463,0.2883059259835001,0.3013953488372093,5.395348837209301,2774.488372093023,14.672164781810942,0.00041123253816784984,3.996250541781787,0.46720741599072996
477,Cr1 Ta1 V1 W1,False,0.0,0.0,0.25,0.25,0.25,0.25,0.0,0.0,0.0,0.0,0.0,0.0,0.0,0.0,0.0,0.04957616127569212,-3.75,11.52565131835077,0.2433566433566433,0.2433566433566433,1.7939875,78.26440667500272,97.5,208.2664765289942,251.0,192.99610894941634,207.5,0.2861800947867299,0.3,5.5,2837.0,15.421921283452683,0.00030722447085417876,3.996690027681587,0.46987951807228917
722,Cr1 Fe1 Ni1 V0.5 W1,False,0.0,0.0,0.0,0.1111111111111111,0.2222222222222222,0.2222222222222222,0.0,0.0,0.0,0.2222222222222222,0.2222222222222222,0.0,0.0,0.0,0.0,0.04006492993375051,-4.345679012345678,13.14521343892854,0.1863684771033014,0.1863684771033014,1.7646333333333333,88.41186325519587,101.66666666666666,228.85732256855093,258.88888888888886,187.19802658626833,200.0,0.27508185674686436,0.2833333333333333,7.222222222222222,2334.555555555555,16.79815891484098,0.0002277529900773333,3.997950971168396,0.5083333333333333
1068,Mo1 Nb1 Re0.5 W1,True,0.2857142857142857,0.2857142857142857,0.0,0.0,0.2857142857142857,0.0,0.0,0.0,0.0,0.0,0.0,0.1428571428571428,0.0,0.0,0.0,0.020468570947760653,-8.326530612244897,11.238732128524116,0.2249930728733721,0.2249930728733721,1.8023428571428568,41.01436331393547,87.99999999999999,217.71142353521063,307.57142857142856,236.3693106953281,255.71428571428567,0.31922942206655003,0.3257142857142857,5.857142857142856,3162.857142857142,8.556000954405054,4.5379360654415295e-05,3.999454217669824,0.34413407821229053
1113,Hf1 Nb1 Ta1 Ti1 W1 Zr1,True,0.0,0.1666666666666666,0.1666666666666666,0.0,0.1666666666666666,0.0,0.1666666666666666,0.0,0.0,0.0,0.0,0.0,0.1666666666666666,0.1666666666666666,0.0,0.057079715103980945,-2.11111111111111,14.896688227162047,0.2554517133956385,0.2554517133956385,1.964749999999999,44.83769457533393,62.16666666666664,111.73221966945046,160.49999999999994,128.70472313418685,161.63194444444434,0.33742965026702976,0.34166666666666656,4.666666666666665,2718.3333333333326,9.695516095273904,0.0005430156460586043,3.9957363289434413,0.3846186895810957
1114,Hf1 Mo1 Nb1 Ta1 Ti1 W1 Zr1,True,0.1428571428571428,0.1428571428571428,0.1428571428571428,0.0,0.1428571428571428,0.0,0.1428571428571428,0.0,0.0,0.0,0.0,0.0,0.1428571428571428,0.1428571428571428,0.0,0.06015274899413325,-3.5918367346938744,16.17829697924587,0.27933276788238603,0.27933276788238603,1.9412857142857132,38.08156415144424,56.14285714285711,123.37120722981628,184.57142857142847,137.34603005389465,171.3988095238095,0.33321764862437153,0.33714285714285697,4.857142857142855,2743.714285714285,8.150824063433284,0.0006461345020627126,3.995325130961154,0.32755686751172064
1130,Co1 Cr1 Fe1 Ni1 W0.2,True,0.0,0.0,0.0,0.0,0.0476190476190476,0.238095238095238,0.0,0.0,0.238095238095238,0.238095238095238,0.238095238095238,0.0,0.0,0.0,0.0,0.020640437385265675,-3.5374149659863914,12.568476876778144,0.09397119843788136,0.09397119843788136,1.7542904761904754,86.68945428214079,90.76190476190473,225.86871264348179,233.6190476190475,175.81589311915985,179.04761904761898,0.2731515579516683,0.27999999999999986,8.142857142857139,1958.5714285714278,16.352065378301127,9.367280678023623e-05,3.9994904352693874,0.5069148936170212
1131,Co1 Cr1 Fe1 Ni1 W0.5,True,0.0,0.0,0.0,0.0,0.1111111111111111,0.2222222222222222,0.0,0.0,0.2222222222222222,0.2222222222222222,0.2222222222222222,0.0,0.0,0.0,0.0,0.030104965264979393,-3.259259259259259,13.14521343892854,0.12188796680497924,0.12188796680497924,1.7534444444444444,89.44160948320946,95.44444444444443,232.86140220819325,245.4444444444444,181.0401314743148,187.77777777777777,0.2735976812527676,0.28,8.0,2074.333333333333,16.871199131671382,0.00017025146485489205,3.998899118033865,0.508284023668639
1258,Cr1 Mo1 Nb1 Ti1 W1,True,0.2,0.2,0.0,0.0,0.2,0.2,0.2,0.0,0.0,0.0,0.0,0.0,0.0,0.0,0.0,0.05295104261412158,-4.640000000000001,13.380866803977112,0.23605150214592258,0.23605150214592258,1.84931,43.87893487729181,75.60000000000001,183.81452606946675,248.0,173.6298331659404,196.0,0.29096597575283534,0.30400000000000005,5.4,2692.3999999999996,8.722747505613201,0.0004205719370883779,3.996069943668862,0.38571428571428573
1,Nb21.875Mo13.125Ta4.375W 30.625Ti15Ni15,True,0.13125,0.21875,0.04375,0.0,0.30625,0.0,0.15,0.0,0.0,0.0,0.15,0.0,0.0,0.0,0.0,0.04821043344610329,-13.4028125,13.862997825415786,0.25958359524574975,0.25958359524574975,1.84918625,49.36561956601762,81.17500000000001,181.62922713635504,247.55625,190.07649391118647,214.5625,0.3179337323844087,0.3233125,6.0375,2807.54375,10.243013033941137,0.00039839727556866813,3.996707542175902,0.3783279930090301
2,Nb18.75Mo11.25Ta3.75W26.25Ti20Ni20,True,0.1125,0.1875,0.0375,0.0,0.2625,0.0,0.2,0.0,0.0,0.0,0.2,0.0,0.0,0.0,0.0,0.0540470904107461,-15.961250000000001,13.948055823509788,0.2506025216136807,0.2506025216136807,1.8600525,50.184729249938954,78.15,175.6821924843452,234.7625,179.9973050556868,204.625,0.31749976466158336,0.32212500000000005,6.175,2668.5375,10.385403100071933,0.0004449235867187589,3.995876804876919,0.3819181429444105
3,Nb15.625Mo9.375Ta3.125W21.875Ti25Ni25,True,0.09375,0.15625,0.03125,0.0,0.21875,0.0,0.25,0.0,0.0,0.0,0.25,0.0,0.0,0.0,0.0,0.05924964047016686,-18.6953125,13.68382728903364,0.24267424940259252,0.24267424940259252,1.8709187499999997,51.0314800835917,75.125,170.1122548148107,221.96875,170.93322650413245,194.6875,0.31706698002350175,0.3209375,6.3125,2529.53125,10.532696219803324,0.0004581960743943215,3.995071873561491,0.38587479935794544
20,TiZrHfNbTaW0.5,True,0.0,0.1818181818181818,0.1818181818181818,0.0,0.0909090909090909,0.0,0.1818181818181818,0.0,0.0,0.0,0.0,0.0,0.1818181818181818,0.1818181818181818,0.0,0.05436208288806359,-0.13223140495867777,14.697168880613484,0.19364485981308407,0.19364485981308407,1.9850363636363633,42.077757098400376,53.18181818181817,104.79529108047713,137.72727272727272,122.20746890815339,148.14393939393938,0.34384090445215515,0.34727272727272723,4.545454545454545,2629.5454545454545,9.215209526453119,0.0004974755201181712,3.9961166136825756,0.35898747123497826
21,TiZrHfNbTaW0.75,True,0.0,0.1739130434782608,0.1739130434782608,0.0,0.1304347826086956,0.0,0.1739130434782608,0.0,0.0,0.0,0.0,0.0,0.1739130434782608,0.1739130434782608,0.0,0.055890934238543355,-1.2098298676748571,14.854820038583844,0.22735768903993203,0.22735768903993203,1.9744521739130425,43.473926933304185,57.86956521739128,108.30349374384339,149.60869565217385,125.51328337817237,155.1811594202898,0.34046580431511986,0.34434782608695635,4.60869565217391,2675.8695652173906,9.457925470787991,0.0005265915794747179,3.9959014144591345,0.3729161802474901
23,W0.4MoNb1.1TaTi,True,0.2222222222222222,0.2444444444444444,0.2222222222222222,0.0,0.0888888888888888,0.0,0.2222222222222222,0.0,0.0,0.0,0.0,0.0,0.0,0.0,0.0,0.026345153014677887,-4.17185185185185,12.988358752250878,0.21988054513655914,0.21988054513655914,1.8931855555555552,37.788297523837976,52.711111111111094,157.9724820017989,202.42222222222216,171.75804593176792,189.11111111111103,0.33406197568564916,0.3382222222222222,5.088888888888889,2806.6666666666665,8.107785611640713,0.00010332147873522015,3.999058233507305,0.2787309048178614
27,W0.4MoNb1.3TaTi,True,0.2127659574468085,0.2765957446808511,0.2127659574468085,0.0,0.0851063829787234,0.0,0.2127659574468085,0.0,0.0,0.0,0.0,0.0,0.0,0.0,0.0,0.02583327140660427,-4.085106382978723,12.911441296337944,0.21550370317835027,0.21550370317835027,1.8944521276595745,37.797258076051676,52.08510638297872,154.65239240773454,198.27659574468083,171.6824950651834,188.29787234042553,0.336421868595364,0.34085106382978725,5.085106382978724,2804.255319148936,8.158046078565842,0.00010187280087841036,3.999093234691452,0.27661016949152545
31,W0.4MoNb1.5TaTi,True,0.2040816326530612,0.3061224489795918,0.2040816326530612,0.0,0.0816326530612244,0.0,0.2040816326530612,0.0,0.0,0.0,0.0,0.0,0.0,0.0,0.0,0.025349634874071283,-3.9983340274885437,12.802832330993082,0.21176691552800858,0.21176691552800858,1.8956153061224486,37.80549089878061,51.51020408163263,151.7239351232314,194.469387755102,171.61317014036194,187.5510204081632,0.338618679092857,0.34326530612244893,5.081632653061224,2802.0408163265297,8.204565612870832,0.000100277773021015,3.9991257744866813,0.2746463547334059
35,Hf0.25NbTaW0.5,True,0.0,0.3636363636363636,0.3636363636363636,0.0,0.1818181818181818,0.0,0.0,0.0,0.0,0.0,0.0,0.0,0.0909090909090909,0.0,0.0,0.03627826365351287,-3.438016528925619,10.506022946667752,0.26317272471118625,0.26317272471118625,1.8793454545454544,52.20188896084,70.18181818181817,142.32608668966282,187.63636363636363,186.21364326597362,200.90909090909088,0.34798821669780144,0.3536363636363636,5.09090909090909,3096.0,11.599524542843433,0.00025215753262644564,3.998367141279957,0.3493212669683258
36,Hf0.25NbTaW0.5,True,0.0,0.2,0.2,0.0,0.2,0.0,0.0,0.0,0.0,0.0,0.0,0.2,0.2,0.0,0.0,0.05266829515209958,-15.680000000000001,13.380866803977112,0.2909930715935333,0.2909930715935333,1.85496,57.86792331160076,94.80000000000001,154.73368881937026,248.6,193.03699210442713,232.0,0.33225591427601214,0.338,5.4,3139.8,12.409803185833164,0.00041609239713430164,3.996535722141174,0.40862068965517245
38,C0.05Hf0.25NbTaW0.5,True,0.0,0.2,0.2,0.0,0.2,0.0,0.0,0.0,0.0,0.0,0.0,0.0,0.2,0.0,0.2,0.05678100331762868,-24.960000000000004,13.380866803977112,0.320796460176991,0.320796460176991,1.8715000000000002,57.759382183500485,93.80000000000001,154.36437681262086,245.4,180.21574905959523,202.0,0.33225591427601203,0.338,5.8,2895.6,12.386526490209585,0.00048361235066348357,3.995936051893059,0.46435643564356444
68,W5Ta31.666V31.667Zr31.667,False,0.0,0.0,0.31666,0.31667,0.05,0.0,0.0,0.0,0.0,0.0,0.0,0.0,0.0,0.31667,0.0,0.08038830207500132,-1.8789284447999999,10.327625171889753,0.17115490326463498,0.17115490326463498,1.94048343,46.79337223009949,54.59982,110.80909593442352,141.19941,121.04868323718091,151.60012708333335,0.3451642299323707,0.34650010000000003,4.73333,2591.72577,10.229963436765157,0.0006119674388189296,3.99153473668546,0.3601568220980905
72,W25Ta25V25Zr25,False,0.0,0.0,0.25,0.25,0.25,0.0,0.0,0.0,0.0,0.0,0.0,0.0,0.0,0.25,0.0,0.07563267536105123,-4.75,11.52565131835077,0.31476050830889535,0.31476050830889535,1.8986125,55.008390679506945,77.0,130.94443866886252,198.0,138.8688075886421,184.94791666666666,0.329042503503036,0.3325,5.0,2824.0,11.651283232450858,0.0007150376977837719,3.992774044165055,0.41633342720360467
79,NbMoTaW,False,0.2,0.2,0.2,0.0,0.2,0.0,0.0,0.0,0.0,0.0,0.0,0.2,0.0,0.0,0.0,0.021752002079590764,-11.680000000000003,13.380866803977112,0.2394957983193276,0.2394957983193276,1.80186,48.510570136693424,92.80000000000001,221.90086513492324,298.8,236.30954607798247,256.0,0.3210943960077176,0.326,5.800000000000001,3217.7999999999997,10.126255451102942,7.097243917057803e-05,3.99937497614932,0.36250000000000004
84,NbTaW,True,0.0,0.3333333333333333,0.3333333333333333,0.0,0.3333333333333333,0.0,0.0,0.0,0.0,0.0,0.0,0.0,0.0,0.0,0.0,0.020917376365934347,-6.666666666666666,9.133862567986663,0.31501831501831495,0.31501831501831495,1.8408333333333333,63.22132538172844,88.66666666666666,173.07781874636134,234.0,212.64290517821118,226.66666666666663,0.33286713286713293,0.34,5.333333333333333,3244.9999999999995,13.619254377831387,3.646138616951182e-05,3.9994044075194237,0.3911764705882353
86,Nb28.33Ta28.33W28.33Mo15,False,0.15001500150015,0.2833283328332833,0.2833283328332833,0.0,0.2833283328332833,0.0,0.0,0.0,0.0,0.0,0.0,0.0,0.0,0.0,0.0,0.02265587087343252,-6.686650663266145,11.278265853561832,0.2827901762683542,0.2827901762683542,1.834782728272827,47.74330928844597,78.36563656365635,186.32481432980205,248.25142514251422,215.07779586085658,227.16671667166713,0.32922399013728726,0.3354995499549955,5.433343334333433,3192.6447644764476,10.180986408322262,6.340995980552612e-05,3.999309166017745,0.3449697108442222
117,WNbMoTaZr0.1,False,0.2439024390243902,0.2439024390243902,0.2439024390243902,0.0,0.2439024390243902,0.0,0.0,0.0,0.0,0.0,0.0,0.0,0.0,0.024390243902439,0.0,0.032108412269050306,-6.377156454491373,12.19786502779669,0.29416899441340777,0.29416899441340777,1.8385609756097558,40.80306573225718,70.56097560975608,187.51176557374248,253.09756097560972,206.1459519407405,223.6534552845528,0.3271486508408587,0.3326829268292683,5.463414634146341,3132.6341463414633,8.646020584671563,0.00018666216931747517,3.998723640786607,0.31549244575712826
118,WNbMoTaZr0.3,False,0.2325581395348837,0.2325581395348837,0.2325581395348837,0.0,0.2325581395348837,0.0,0.0,0.0,0.0,0.0,0.0,0.0,0.0,0.0697674418604651,0.0,0.0431684454749075,-6.143861546782042,12.82528552396791,0.29717566728739925,0.29717566728739925,1.8530930232558138,40.359196161364736,68.81395348837208,173.03565819678374,244.44186046511624,188.9736682280176,216.4970930232558,0.3277248076029131,0.3330232558139535,5.395348837209301,3085.906976744185,8.558514978492878,0.0003532014735791446,3.9977518478192344,0.3178516280631084
122,Re0.5NbMoTaW,False,0.2222222222222222,0.2222222222222222,0.2222222222222222,0.0,0.2222222222222222,0.0,0.0,0.0,0.0,0.0,0.0,0.1111111111111111,0.0,0.0,0.0,0.02245683391177147,-9.777777777777777,13.145213438928542,0.25275735294117646,0.25275735294117646,1.8146999999999998,44.88270734931256,83.33333333333333,209.76409030908223,280.55555555555554,227.1885432338921,243.33333333333331,0.32362277637884823,0.3288888888888889,5.666666666666667,3191.111111111111,9.429793004251744,7.127316223532882e-05,3.999330684050057,0.3424657534246575
124,NbMoTaWCr,False,0.2,0.2,0.2,0.0,0.2,0.2,0.0,0.0,0.0,0.0,0.0,0.0,0.0,0.0,0.0,0.04820786889586682,-6.240000000000001,13.380866803977112,0.24568965517241365,0.24568965517241365,1.8111000000000002,47.104045671524474,80.2,208.70738303018675,262.0,202.3801076099161,214.0,0.294112175611571,0.308,5.6000000000000005,2962.2,9.44688723929708,0.00034859979352216226,3.9967065139897384,0.3747663551401869
125,NbMoTaWZr,True,0.2,0.2,0.2,0.0,0.2,0.0,0.0,0.0,0.0,0.0,0.0,0.0,0.0,0.2,0.0,0.06056026711139576,-5.440000000000001,13.380866803977112,0.3039106145251395,0.3039106145251395,1.8948,39.13729717355813,63.800000000000004,141.6505615674568,219.6,152.51182233436666,195.95833333333334,0.32938970489754005,0.334,5.2,2951.7999999999997,8.317662664772046,0.0005501318928905405,3.9954705619329367,0.3255794173931533
127,NbMoTaWHf,False,0.2,0.2,0.2,0.0,0.2,0.0,0.0,0.0,0.0,0.0,0.0,0.0,0.2,0.0,0.0,0.054241166082725494,-4.640000000000001,13.380866803977112,0.31165919282511195,0.31165919282511195,1.8778000000000001,38.23048632247193,63.2,150.63294396855744,221.79999999999998,181.50866287942213,204.0,0.33464706408758643,0.34,5.2,3027.3999999999996,8.235681790442623,0.0004413156147020717,3.9963157957863684,0.30980392156862746
128,ReMoTaW,False,0.25,0.0,0.25,0.0,0.25,0.0,0.0,0.0,0.0,0.0,0.0,0.25,0.0,0.0,0.0,0.01960530323071976,-8.25,11.52565131835077,0.23905723905723905,0.23905723905723905,1.7715875,52.11418738418175,106.5,307.48475543539445,347.25,261.84290517487375,277.5,0.3060035253862372,0.3075,6.0,3334.75,10.44015057962776,4.804598934605911e-05,3.999501036801782,0.3837837837837838
139,NbTaVW,True,0.0,0.25,0.25,0.25,0.25,0.0,0.0,0.0,0.0,0.0,0.0,0.0,0.0,0.0,0.0,0.03432161851493477,-4.5,11.52565131835077,0.24541607898448511,0.24541607898448511,1.8416000000000001,58.19964761049556,78.25,159.07264697337368,207.5,196.48141675404867,210.0,0.34143362574516556,0.3475,5.25,2979.5,12.752563229225148,0.00014724668718558908,3.998395458167625,0.3726190476190476
140,NbTaTiVW,True,0.0,0.2,0.2,0.2,0.2,0.0,0.2,0.0,0.0,0.0,0.0,0.0,0.0,0.0,0.0,0.03732393285175872,-3.68,13.380866803977112,0.20973348783314008,0.20973348783314008,1.88308,54.67097241582365,71.4,148.07604810246062,189.2,169.78465728950817,190.0,0.33692023683128164,0.342,5.0,2771.8,11.83075044159746,0.0002089613945283886,3.998085816981768,0.37578947368421056
459,Co34.5Cr30.0Ni26.5Al5.4W3.6,False,0.0,0.0,0.0,0.0,0.036,0.3,0.0,0.054,0.345,0.0,0.265,0.0,0.0,0.0,0.0,0.03638065864300047,-7.341671999999999,11.286732959590347,0.11080859197834712,0.11080859197834712,1.7738330999999996,77.30641563352012,88.06,203.6657250944745,227.381,164.1889396247132,173.064,0.27180039580149806,0.28108,7.933,1905.282,14.616389088677575,0.0002831984321953555,3.998464736810578,0.5088291036841862
529,(CoCrFeNi)99(WMo)1,True,0.0025125628140703,0.0,0.0,0.0,0.0025125628140703,0.2487437185929648,0.0,0.0,0.2487437185929648,0.2487437185929648,0.2487437185929648,0.0,0.0,0.0,0.0,0.007318889553049064,-3.75490517916214,11.759514565222457,0.06986933292305832,0.06986933292305832,1.7550060301507533,84.14979466505933,87.26633165829143,221.33369451689234,225.47989949748737,172.39313835958956,172.98994974874364,0.2729177551915487,0.2800753768844221,8.238693467336683,1878.9045226130647,15.875611011768935,1.2212109726677706e-05,3.999935324485451,0.5044589687726944
530,(CoCrFeNi)97(WMo)3,True,0.0076142131979695,0.0,0.0,0.0,0.0076142131979695,0.2461928934010152,0.0,0.0,0.2461928934010152,0.2461928934010152,0.2461928934010152,0.0,0.0,0.0,0.0,0.011945227358481048,-3.7641268777860786,12.093340240066864,0.07397638690806183,0.07397638690806183,1.7551705583756338,82.988072595082,87.29949238578678,222.23243333891742,226.96192893401007,173.00909590976522,173.984771573604,0.2731206930895746,0.28022842639593903,8.215736040609135,1893.4314720812179,15.661643212339563,3.384760166275838e-05,3.9998295561297406,0.5017651349380015
531,(CoCrFeNi)95(WMo)5,True,0.0128205128205128,0.0,0.0,0.0,0.0128205128205128,0.2435897435897435,0.0,0.0,0.2435897435897435,0.2435897435897435,0.2435897435897435,0.0,0.0,0.0,0.0,0.01521089887218412,-3.772518080210385,12.369305503917474,0.07803188107088824,0.07803188107088824,1.7553384615384608,81.83513068908796,87.3333333333333,223.15716402027456,228.4743589743589,173.6422430643198,174.99999999999994,0.2733281052060084,0.2803846153846153,8.19230769230769,1908.2564102564093,15.449294806700573,5.4709411640580774e-05,3.999723723331714,0.499047619047619
532,(CoCrFeNi)93 (WMo)1(AlTi)6,True,0.0025906735751295,0.0,0.0,0.0,0.0025906735751295,0.2409326424870466,0.0155440414507772,0.0155440414507772,0.2409326424870466,0.2409326424870466,0.2409326424870466,0.0,0.0,0.0,0.0,0.02861504553008064,-5.699267094418641,12.736468594532987,0.0782544220052063,0.0782544220052063,1.764788082901554,80.1902218104053,85.64248704663211,211.27777430279312,221.4067357512953,167.62867777833395,170.53367875647666,0.27449144784300833,0.2817875647668393,8.090673575129532,1865.6113989637302,15.184951915481818,0.00019443641479915865,3.9990891190087137,0.5022027770181995
533,(CoCrFeNi)91 (WMo)3(AlTi)6,True,0.0078534031413612,0.0,0.0,0.0,0.0078534031413612,0.2382198952879581,0.0157068062827225,0.0157068062827225,0.2382198952879581,0.2382198952879581,0.2382198952879581,0.0,0.0,0.0,0.0,0.03009986400048283,-5.710369781530108,13.082688941871861,0.08270134173919566,0.08270134173919566,1.7650602094240833,79.0634304160134,85.65968586387432,212.02110504206104,222.892670157068,168.18051515185783,171.53403141361252,0.27471978752368276,0.28196335078534024,8.06544502617801,1880.4554973821982,14.977299838850232,0.00021448163651829059,3.998981758900566,0.4993742941733052
534,(CoCrFeNi)89 (WMo)5(AlTi)6,True,0.0132275132275132,0.0,0.0,0.0,0.0132275132275132,0.2354497354497354,0.0158730158730158,0.0158730158730158,0.2354497354497354,0.2354497354497354,0.2354497354497354,0.0,0.0,0.0,0.0,0.03150266142385021,-5.720220598527464,13.369263157944772,0.08709596396180903,0.08709596396180903,1.7653380952380946,77.94500786115533,85.67724867724866,212.7855847948868,224.41005291005285,168.7477937496888,172.55555555555551,0.27495335216408257,0.2821428571428571,8.039682539682538,1895.6137566137559,14.77119287319331,0.00023371805945206003,3.9988746334407708,0.4965197927206942
816,Co2.0Mo0.5Ni2.0VW0.5,True,0.0833333333333333,0.0,0.0,0.1666666666666666,0.0833333333333333,0.0,0.0,0.0,0.3333333333333333,0.0,0.3333333333333333,0.0,0.0,0.0,0.0,0.03567645956775968,-8.944444444444441,12.015275397574356,0.12603925439429026,0.12603925439429026,1.7837916666666664,58.815592331673706,73.58333333333331,199.2152258727203,219.3333333333333,185.9943842275294,191.66666666666663,0.3157139346276727,0.31749999999999995,8.166666666666664,2078.416666666666,12.046733860792036,0.00021120935889688217,3.998374716934305,0.38391304347826083
817,Co2.0Mo0.6Ni2.0VW0.6,True,0.0967741935483871,0.0,0.0,0.1612903225806451,0.0967741935483871,0.0,0.0,0.0,0.3225806451612903,0.0,0.3225806451612903,0.0,0.0,0.0,0.0,0.036960407401485096,-8.720083246618103,12.273351595803849,0.1317094769172136,0.1317094769172136,1.78338064516129,57.60214384629652,74.12903225806451,202.18199892761422,224.19354838709677,187.7854542665479,194.19354838709677,0.3149723180106932,0.31677419354838704,8.096774193548388,2117.6774193548385,11.779166606620048,0.00022194493980211307,3.998248344432688,0.3817275747508306
818,Co2.0Mo0.8Ni2.0VW0.8,True,0.1212121212121212,0.0,0.0,0.1515151515151515,0.1212121212121212,0.0,0.0,0.0,0.303030303030303,0.0,0.303030303030303,0.0,0.0,0.0,0.0,0.03885760519242689,-8.301193755739208,12.64622465907045,0.1406274183562916,0.1406274183562916,1.782633333333333,55.519515169103386,75.12121212121211,207.80881972571626,233.030303030303,191.13189559370224,198.78787878787875,0.3136328125,0.31545454545454543,7.969696969696969,2189.0606060606056,11.320043414032142,0.0002354158062422835,3.998047841958392,0.37789634146341466
819,Co2.0Mo1.5Ni2.0VW1.5,True,0.1875,0.0,0.0,0.125,0.1875,0.0,0.0,0.0,0.25,0.0,0.25,0.0,0.0,0.0,0.0,0.041693149231218966,-7.09375,13.142925307134234,0.1573799231029743,0.1573799231029743,1.7806062500000002,50.56092771053883,77.8125,224.7772935425755,257.0,200.84015942489665,211.25,0.3100561153683702,0.311875,7.625,2382.6875,10.22748911932211,0.0002470533708464435,3.9976966287920344,0.3683431952662722
820,Co2.0Mo1.75Ni2.0VW1.75,False,0.2058823529411764,0.0,0.0,0.1176470588235294,0.2058823529411764,0.0,0.0,0.0,0.2352941176470588,0.0,0.2352941176470588,0.0,0.0,0.0,0.0,0.041966730347809345,-6.7404844290657415,13.164796853915712,0.16039343280690713,0.16039343280690713,1.7800441176470585,49.338933773266966,78.55882352941174,229.9849852838198,263.6470588235294,203.70953058985555,214.70588235294113,0.30907866059044986,0.31088235294117644,7.5294117647058805,2436.3823529411757,9.958386505215328,0.0002467002766151662,3.9976497421762858,0.36589041095890407
821,Co2.0MoNi2.0VW,True,0.1428571428571428,0.0,0.0,0.1428571428571428,0.1428571428571428,0.0,0.0,0.0,0.2857142857142857,0.0,0.2857142857142857,0.0,0.0,0.0,0.0,0.04012617607416674,-7.918367346938772,12.885253745431367,0.14719898337392778,0.14719898337392778,1.781971428571428,53.79676228708578,75.99999999999997,213.06073446845423,240.8571428571428,194.19708719500665,202.85714285714278,0.31245587213342607,0.3142857142857142,7.857142857142855,2252.2857142857138,10.940359707087515,0.00024232853656245954,3.997902031625669,0.37464788732394366
853,W0.5Ni2.0Co2.0CrMo0.5,True,0.0833333333333333,0.0,0.0,0.0,0.0833333333333333,0.1666666666666666,0.0,0.0,0.3333333333333333,0.0,0.3333333333333333,0.0,0.0,0.0,0.0,0.03420686998556706,-4.166666666666665,12.015275397574356,0.11998258927726575,0.11998258927726575,1.7652249999999998,67.08946358402633,84.91666666666664,231.75052280761216,244.49999999999994,185.9943842275294,191.66666666666663,0.28484958979033737,0.2908333333333333,8.333333333333332,2077.916666666666,12.9570176312985,0.00022219117375880482,3.998555508171802,0.44304347826086954
867,CrFeNi2.0V0.5W,True,0.0,0.0,0.0,0.0909090909090909,0.1818181818181818,0.1818181818181818,0.0,0.0,0.0,0.1818181818181818,0.3636363636363636,0.0,0.0,0.0,0.0,0.03787485110219054,-5.685950413223139,12.601595913640617,0.17224614529795804,0.17224614529795804,1.7713363636363635,85.86231467035603,96.99999999999997,223.0069733282159,248.18181818181816,185.84678406839285,196.36363636363637,0.28083328003274793,0.28818181818181815,7.727272727272727,2224.272727272727,16.486920841060172,0.0002166009304331429,3.998192551294971,0.4939814814814813
868,CrFeNi2.0V0.5W0.25,True,0.0,0.0,0.0,0.1052631578947368,0.0526315789473684,0.2105263157894736,0.0,0.0,0.0,0.2105263157894736,0.4210526315789473,0.0,0.0,0.0,0.0,0.026519695672673486,-6.8919667590027665,11.741187899875774,0.12115999016957484,0.12115999016957484,1.776031578947368,79.96948498840223,86.89473684210523,207.98588388648466,222.47368421052622,174.7935507334223,178.4210526315789,0.28096530415559445,0.2894736842105262,7.999999999999997,1992.0526315789466,15.398750686134548,0.00013833221044242292,3.999129546958618,0.4870206489675516
869,CrFeNi2.0V0.5W0.5,True,0.0,0.0,0.0,0.1,0.1,0.2,0.0,0.0,0.0,0.2,0.4,0.0,0.0,0.0,0.0,0.03172816324281813,-6.4399999999999995,12.228301672142035,0.14233082923178766,0.14233082923178766,1.7743100000000003,82.03384674305187,90.60000000000001,213.2527099721049,231.90000000000003,178.6903388353858,185.0,0.2809168808997891,0.28900000000000003,7.9,2077.2,15.779937045184806,0.0001830651921009683,3.998749554233899,0.4897297297297298
870,CrFeNi2.0V0.5W0.75,True,0.0,0.0,0.0,0.0952380952380952,0.1428571428571428,0.1904761904761904,0.0,0.0,0.0,0.1904761904761904,0.3809523809523809,0.0,0.0,0.0,0.0,0.035294971284628496,-6.040816326530609,12.481670719169385,0.15891040199135198,0.15891040199135198,1.7727523809523804,83.99563684419162,93.95238095238092,218.2531702853864,240.42857142857136,182.36880049435842,190.9523809523809,0.28087308376275405,0.2885714285714285,7.8095238095238075,2154.2380952380945,16.142202628270617,0.00020624249744199838,3.998441979577449,0.49201995012468824
872,CrFeNiV0.5W0.25,False,0.0,0.0,0.0,0.1333333333333333,0.0666666666666666,0.2666666666666666,0.0,0.0,0.0,0.2666666666666666,0.2666666666666666,0.0,0.0,0.0,0.0,0.02911280584171264,-5.724444444444441,12.52583156272644,0.1254427025286673,0.1254427025286673,1.7692399999999995,81.09903374996149,89.79999999999997,210.22431989824813,228.46666666666658,173.45564258068453,177.99999999999994,0.27411888820359614,0.2839999999999999,7.466666666666665,2062.466666666666,15.431088210472195,0.00015986202444541017,3.998942973873851,0.5044943820224719
873,CrFeNiV0.5W0.5,False,0.0,0.0,0.0,0.125,0.125,0.25,0.0,0.0,0.0,0.25,0.25,0.0,0.0,0.0,0.0,0.03435618936855755,-5.1875,12.966357733144617,0.1514376996805112,0.1514376996805112,1.7675124999999998,83.69504098803628,94.25,216.84493882608098,239.875,178.36589593677468,186.25,0.27447921028428146,0.28375,7.375,2164.5,15.916384446345468,0.00020421886673111913,3.9985192044482942,0.5060402684563758
874,CrFeNiV0.5W0.75,False,0.0,0.0,0.0,0.1176470588235294,0.1764705882352941,0.2352941176470588,0.0,0.0,0.0,0.2352941176470588,0.2352941176470588,0.0,0.0,0.0,0.0,0.03775053202940524,-4.733564013840828,13.129744281158676,0.17104796068979697,0.17104796068979697,1.7659882352941174,86.12766638808262,98.17647058823528,223.0428636634921,249.94117647058823,182.9352542469017,193.52941176470586,0.27479792910379763,0.28352941176470586,7.2941176470588225,2254.5294117647054,16.371143330391508,0.00022263377897883025,3.998196696452465,0.5072948328267477
7,HfNbReW,False,0.0,0.25,0.0,0.0,0.25,0.0,0.0,0.0,0.0,0.0,0.0,0.25,0.25,0.0,0.0,0.05878475739516483,-17.5,11.52565131835077,0.324022346368715,0.324022346368715,1.8542125,55.96105522258442,101.75,148.49331490529477,264.25,191.37134189864386,240.0,0.33037470103640715,0.3375,5.5,3102.25,11.987335922597149,0.00043195596275104797,3.9956652507842376,0.4239583333333333
8,NbMoRuW,False,0.25,0.25,0.0,0.0,0.25,0.0,0.0,0.0,0.0,0.0,0.0,0.0,0.0,0.0,0.25,0.02307085416503341,-19.75,11.52565131835077,0.19047619047619038,0.19047619047619038,1.8085125,45.29636005507903,98.0,232.1054032196747,323.0,222.20444555548613,232.5,0.31669200364852534,0.3225,6.5,2894.5,9.381635552315618,6.65330389880295e-05,3.999308938196854,0.421505376344086
12,HfNbReRuW,False,0.0,0.2,0.0,0.0,0.2,0.0,0.0,0.0,0.0,0.0,0.0,0.2,0.2,0.0,0.2,0.05925761708876669,-27.840000000000003,13.380866803977112,0.2966101694915253,0.2966101694915253,1.83717,64.7176914219556,116.0,171.3832711214728,300.8,196.48507278107053,236.0,0.32381746197124395,0.33,6.2,2929.2000000000003,13.631031700248013,0.0005267197774558336,3.9956718960469946,0.4915254237288136
13,NbReMoRuW,False,0.2,0.2,0.0,0.0,0.2,0.0,0.0,0.0,0.0,0.0,0.0,0.2,0.0,0.0,0.2,0.020639558151103084,-16.480000000000004,13.380866803977112,0.18446601941747562,0.18446601941747562,1.7840700000000003,53.233796668570115,114.0,257.81997763810335,351.0,241.49756238211486,260.0,0.3132066394034159,0.318,6.6000000000000005,3007.2000000000003,10.915593389037811,6.389870410091473e-05,3.9994472490886475,0.43846153846153846
16,HfNbMoW,False,0.25,0.25,0.0,0.0,0.25,0.0,0.0,0.0,0.0,0.0,0.0,0.0,0.25,0.0,0.0,0.06059642519102774,-5.0,11.52565131835077,0.33602875112309066,0.33602875112309066,1.8827625,34.52433576299083,62.25,143.79734099010386,230.75,177.40802341826893,205.0,0.3333350631827499,0.33999999999999997,5.25,2961.75,7.437296009579142,0.00045899084324147686,3.9953890437029065,0.30365853658536585
18,HfNbReMoW,False,0.2,0.2,0.0,0.0,0.2,0.0,0.0,0.0,0.0,0.0,0.0,0.2,0.2,0.0,0.0,0.05711476290161856,-11.680000000000001,13.380866803977112,0.28755364806866934,0.28755364806866934,1.8434700000000002,41.15962113633901,85.4,166.7959153743261,277.20000000000005,198.0229603612644,238.0,0.3260882808851103,0.332,5.6000000000000005,3061.0,8.708192152333162,0.0004893144211962155,3.9959935567609746,0.3588235294117647
24,TaNbRuW,False,0.0,0.25,0.25,0.0,0.25,0.0,0.0,0.0,0.0,0.0,0.0,0.0,0.0,0.0,0.25,0.026972375262985182,-26.25,11.52565131835077,0.28079242032730395,0.28079242032730395,1.822875,75.14179789871545,109.75,204.3905115621639,287.25,214.43565912979147,225.0,0.3239931934203063,0.33,6.25,2993.0,15.826587856678978,9.093862841591164e-05,3.9990239700397963,0.48777777777777775
26,HfReMoRuW,False,0.2,0.0,0.0,0.0,0.2,0.0,0.0,0.0,0.0,0.0,0.0,0.2,0.2,0.0,0.2,0.06161803874642392,-18.240000000000002,13.380866803977112,0.24999999999999986,0.24999999999999986,1.8126799999999998,49.53298429737836,112.4,220.36061378058898,345.6,209.09392225384588,248.0,0.3092795418651533,0.312,6.4,2958.4,10.02233150939104,0.0005695174048433705,3.995451683544671,0.4532258064516129
28,HfTaMoW,False,0.25,0.0,0.25,0.0,0.25,0.0,0.0,0.0,0.0,0.0,0.0,0.0,0.25,0.0,0.0,0.06057653494964826,-4.75,11.52565131835077,0.3497267759562841,0.3497267759562841,1.8665125,38.28854544110035,69.5,168.99413409250548,251.0,184.63349321719684,212.5,0.32151461170408546,0.325,5.25,3096.75,7.9746172185120505,0.00045868957331324424,3.9953889329741004,0.3270588235294118
29,HfReRuW,False,0.0,0.0,0.0,0.0,0.25,0.0,0.0,0.0,0.0,0.0,0.0,0.25,0.25,0.0,0.25,0.06624784345223078,-25.75,11.52565131835077,0.3027210884353741,0.3027210884353741,1.815725,78.5193792147377,135.5,203.55647228371137,349.75,204.4480453716832,252.5,0.3090999502734958,0.3125,6.5,2974.0,15.90495114795049,0.00054859709525891,3.994628264735229,0.5366336633663367
32,HfNbRuW,False,0.0,0.25,0.0,0.0,0.25,0.0,0.0,0.0,0.0,0.0,0.0,0.0,0.25,0.0,0.25,0.06348631365340017,-28.25,11.52565131835077,0.34129089301503096,0.34129089301503096,1.8748875,55.83422280289296,100.5,148.0683621474732,260.25,175.86651497914298,202.5,0.3303747010364071,0.3375,6.0,2797.0,11.960167335180955,0.0005038140026622379,3.994917560257714,0.4962962962962963
43,HfTaNbW,False,0.0,0.25,0.25,0.0,0.25,0.0,0.0,0.0,0.0,0.0,0.0,0.0,0.25,0.0,0.0,0.05336953984030624,-3.5,11.52565131835077,0.32347140039447725,0.32347140039447725,1.897125,49.51372811132273,74.0,132.65345583103556,195.0,172.42071606498865,197.5,0.3414336257451655,0.34750000000000003,5.0,3060.25,10.849325973245863,0.00035603847284575385,3.9963714197327005,0.37468354430379747
45,HfMoRuW,False,0.25,0.0,0.0,0.0,0.25,0.0,0.0,0.0,0.0,0.0,0.0,0.0,0.25,0.0,0.25,0.06745514110685787,-21.5,11.52565131835077,0.27160493827160487,0.27160493827160487,1.844275,41.96177144471297,96.0,194.83442324563546,316.25,188.590321611061,217.5,0.31168982417546864,0.315,6.25,2833.5,8.547081946869792,0.0005687745077182638,3.9944496816595727,0.4413793103448276
46,HfTaReMoW,False,0.2,0.0,0.2,0.0,0.2,0.0,0.0,0.0,0.0,0.0,0.0,0.2,0.2,0.0,0.0,0.057119159194213176,-11.200000000000003,13.380866803977112,0.301518438177874,0.301518438177874,1.8304700000000003,45.41826694494622,91.2,193.5787016026258,293.40000000000003,205.19349384930752,244.0,0.3169683116062796,0.32,5.6000000000000005,3169.0,9.354583364765848,0.0004893897520580797,3.9959905151983,0.3737704918032787
48,HfTaMoRuW,False,0.2,0.0,0.2,0.0,0.2,0.0,0.0,0.0,0.0,0.0,0.0,0.0,0.2,0.0,0.2,0.06037969818828677,-21.440000000000005,13.380866803977112,0.30208333333333315,0.30208333333333315,1.84701,45.351377908505036,90.2,193.00103312363635,290.2,190.76691070950795,214.0,0.3169683116062796,0.32,6.0,2924.8,9.34080654962809,0.0005468561929962908,3.99551037419055,0.42149532710280374
49,TaNbMoRuW,False,0.2,0.2,0.2,0.0,0.2,0.0,0.0,0.0,0.0,0.0,0.0,0.0,0.0,0.0,0.2,0.02574322850641261,-20.800000000000004,13.380866803977112,0.24242424242424226,0.24242424242424226,1.8184,48.43427040066396,91.80000000000001,221.14212694888454,295.6,217.37769437574283,226.0,0.3210943960077176,0.326,6.2,2973.6,10.110328394057252,9.940707209000625e-05,3.9991232765006535,0.40619469026548677
50,Re33.33333333Ru33.33333333W33.33333333,True,0.0,0.0,0.0,0.0,0.3333333333333333,0.0,0.0,0.0,0.0,0.0,0.0,0.3333333333333333,0.0,0.0,0.3333333333333333,0.009310642324658837,-6.666666666666666,9.133862567986663,0.14067278287461774,0.14067278287461774,1.7323,170.36254510050975,170.66666666666666,439.2351993472996,440.3333333333333,286.4245175936436,300.0,0.2930232558139535,0.29333333333333333,7.333333333333333,3129.9999999999995,33.08254079918016,7.224005041477449e-06,3.999883667719756,0.5688888888888889
52,HfTaRuW,False,0.0,0.0,0.25,0.0,0.25,0.0,0.0,0.0,0.0,0.0,0.0,0.0,0.25,0.0,0.25,0.06347473208292884,-27.75,11.52565131835077,0.3548387096774193,0.3548387096774193,1.8586375,66.38978429512959,107.75,174.92392583247096,280.5,182.96445338698857,210.0,0.31875961509456724,0.3225,6.0,2932.0,13.750437339697763,0.0005036302016249495,3.994915838863528,0.513095238095238
54,ReMoRuW,False,0.25,0.0,0.0,0.0,0.25,0.0,0.0,0.0,0.0,0.0,0.0,0.25,0.0,0.0,0.25,0.008063303666975597,-5.5,11.52565131835077,0.11494252873563215,0.11494252873563215,1.74935,59.16327935209386,133.0,405.28625475347746,412.5,269.8729409576508,282.5,0.29709070165430684,0.29750000000000004,7.0,3071.5,11.594236341675062,8.127108253232764e-06,3.9999127340723755,0.47079646017699117
55,Hf33.33333333Ru33.33333333W33.33333333,False,0.0,0.0,0.0,0.0,0.3333333333333333,0.0,0.0,0.0,0.0,0.0,0.0,0.0,0.3333333333333333,0.0,0.3333333333333333,0.0732964200021029,-30.222222222222218,9.133862567986663,0.35690235690235683,0.35690235690235683,1.8588666666666664,66.1888416550049,121.33333333333333,171.5193364214155,312.0,177.91304347826093,213.33333333333331,0.312257200267917,0.31666666666666665,6.333333333333333,2812.6666666666665,13.531841054093354,0.0004476970987603892,3.9932147394035225,0.56875
56,HfTaReRuW,False,0.0,0.0,0.2,0.0,0.2,0.0,0.0,0.0,0.0,0.0,0.0,0.2,0.2,0.0,0.2,0.059267201957957254,-27.200000000000003,13.380866803977112,0.31049250535331885,0.31049250535331885,1.82417,75.90915144932362,121.80000000000001,199.78494660861782,317.0,203.5426783035153,242.0,0.31482231808756583,0.318,6.2,3037.2000000000003,15.565176327483673,0.0005268901841887938,3.995667837181251,0.503305785123967
58,Hf33.33333333Mo33.33333333W33.33333333,False,0.3333333333333333,0.0,0.0,0.0,0.3333333333333333,0.0,0.0,0.0,0.0,0.0,0.0,0.0,0.3333333333333333,0.0,0.0,0.06985012922927618,-4.444444444444445,9.133862567986663,0.36426116838487965,0.36426116838487965,1.8693666666666664,33.50289017341041,70.33333333333333,163.99611276102812,272.66666666666663,180.0229533282326,216.66666666666666,0.31579154375614554,0.31999999999999995,5.333333333333333,3032.333333333333,6.900430161011138,0.00040658671277888253,3.9938391976761745,0.3246153846153846
60,Hf4Ta3Re5(MoW)4,False,0.2,0.0,0.15,0.0,0.2,0.0,0.0,0.0,0.0,0.0,0.0,0.25,0.2,0.0,0.0,0.05767025083756172,-11.680000000000001,13.275831245125143,0.29659340509420307,0.29659340509420307,1.8218875,46.398968957983016,96.75,199.79893350649496,307.25,210.14654772717685,252.5,0.3150105008885367,0.318,5.7,3177.3999999999996,9.514111532739078,0.0004928894068768443,3.9959357857687876,0.3831683168316832
62,HfReMoW,False,0.25,0.0,0.0,0.0,0.25,0.0,0.0,0.0,0.0,0.0,0.0,0.25,0.25,0.0,0.0,0.06387674150441554,-9.25,11.52565131835077,0.2970639032815199,0.2970639032815199,1.8235999999999999,42.03336796430972,97.25,195.57086997046463,320.25,206.53428703604854,255.0,0.3116898241754687,0.31500000000000006,5.75,3138.75,8.561665252079163,0.0005100297631527407,3.9950105573862196,0.3813725490196078
63,Ta16.66666667Nb16.66666666Re16.66666667Mo16.66666666Ru16.66666667W16.66666667,False,0.1666666666,0.1666666666,0.1666666667,0.0,0.1666666667,0.0,0.0,0.0,0.0,0.0,0.0,0.1666666667,0.0,0.0,0.1666666667,0.023743828860151972,-19.77777777908889,14.896688227162047,0.22372881356338972,0.22372881356338972,1.7963833333202648,55.12138935126312,106.16666668209999,242.23123073436182,323.5000000213,233.42540787090664,250.00000001,0.3173750433093303,0.32166666666,6.333333333500001,3054.3333333796,11.395353607004589,9.396156815793951e-05,3.9992581436518932,0.4246666667114133
65,Hf33.33333333Re33.33333333W33.33333333,False,0.0,0.0,0.0,0.0,0.3333333333333333,0.0,0.0,0.0,0.0,0.0,0.0,0.3333333333333333,0.3333333333333333,0.0,0.0,0.06764658368008533,-17.77777777777778,9.133862567986663,0.3812949640287769,0.3812949640287769,1.8313,66.42680539816628,123.0,172.28081945331093,317.3333333333333,199.74142480211083,263.3333333333333,0.312257200267917,0.31666666666666665,5.666666666666666,3219.666666666666,13.580491060175662,0.0003813383569655658,3.9942124213038386,0.46708860759493676
73,Re27.5Mo45W27.5,True,0.45,0.0,0.0,0.0,0.275,0.0,0.0,0.0,0.0,0.0,0.0,0.275,0.0,0.0,0.0,0.0037483378206991974,2.2550000000000003,8.890740209761237,0.13263074169815067,0.13263074169815067,1.7528975,38.83039984824465,102.22500000000001,380.10768819783004,388.4000000000001,278.79524438573316,290.5,0.29846982635108027,0.29900000000000004,6.275,3270.2750000000005,7.63469809931499,1.1310276374264972e-06,3.999981325013425,0.3518932874354561
74,TaNbReW,False,0.0,0.25,0.25,0.0,0.25,0.0,0.0,0.0,0.0,0.0,0.0,0.25,0.0,0.0,0.0,0.0209880811995721,-17.25,11.52565131835077,0.2608695652173913,0.2608695652173913,1.8022,75.37169514671824,111.0,205.201121526397,291.25,237.94139629951647,262.5,0.3239931934203063,0.33,5.75,3298.25,15.875009495437599,5.5062444054978845e-05,3.999411667240486,0.4228571428571429
75,Re33.33333333Mo33.33333333W33.33333333,True,0.3333333333333333,0.0,0.0,0.0,0.3333333333333333,0.0,0.0,0.0,0.0,0.0,0.0,0.3333333333333333,0.0,0.0,0.0,0.003751571710748058,1.333333333333333,9.133862567986663,0.1433021806853582,0.1433021806853582,1.7428,48.52079688470004,119.66666666666666,393.05956818091454,401.0,291.93286610106975,303.3333333333333,0.29613343442001516,0.29666666666666663,6.333333333333333,3349.6666666666665,9.491261596987686,1.172857525073725e-06,3.9999812652695637,0.3945054945054945
