{
  "Ag": {
    "identity": {
      "atomic_number": 47.0,
      "group_VEC": 11.0,
      "IA_1": null
    },
    "structure": {
      "crystal": "FCC"
    },
    "properties": {
      "bulk_modulus": {
        "values": [
          121.9,
          122.8,
          121.5
        ],
        "units": "GPa"
      },
      "r_s": {
        "values": [
          2.1409,
          2.1365,
          2.1296
        ],
        "units": "a.u."
      },
      "rho0_IEC": {
        "values": [
          0.0243,
          0.0245,
          0.0247
        ],
        "units": "\u2014"
      }
    },
    "tags": []
  }
}