{
  "Al": {
    "identity": {
      "atomic_number": 13.0,
      "group_VEC": 3.0,
      "IA_1": null
    },
    "structure": {
      "crystal": "FCC"
    },
    "properties": {
      "bulk_modulus": {
        "values": [
          79.4,
          78.6,
          79.0
        ],
        "units": "GPa"
      },
      "r_s": {
        "values": [
          2.0858,
          2.0814,
          2.09
        ],
        "units": "a.u."
      },
      "rho0_IEC": {
        "values": [
          0.0263,
          0.0265,
          0.0262
        ],
        "units": "\u2014"
      }
    },
    "tags": []
  }
}