{
  "Au": {
    "identity": {
      "atomic_number": 79.0,
      "group_VEC": 11.0,
      "IA_1": null
    },
    "structure": {
      "crystal": "FCC"
    },
    "properties": {
      "bulk_modulus": {
        "values": [
          192.7,
          194.4,
          207.1
        ],
        "units": "GPa"
      },
      "r_s": {
        "values": [
          1.9545,
          1.9516,
          1.9375
        ],
        "units": "a.u."
      },
      "rho0_IEC": {
        "values": [
          0.032,
          0.0321,
          0.0328
        ],
        "units": "\u2014"
      }
    },
    "tags": []
  }
}