{
  "Ba": {
    "identity": {
      "atomic_number": 56.0,
      "group_VEC": 2.0,
      "IA_1": null
    },
    "structure": {
      "crystal": "BCC"
    },
    "properties": {
      "bulk_modulus": {
        "values": [
          7.3,
          6.8,
          8.1
        ],
        "units": "GPa"
      },
      "r_s": {
        "values": [
          3.4006,
          3.4468,
          3.4412
        ],
        "units": "a.u."
      },
      "rho0_IEC": {
        "values": [
          0.0061,
          0.0058,
          0.0059
        ],
        "units": "\u2014"
      }
    },
    "tags": []
  }
}