{
  "Be": {
    "identity": {
      "atomic_number": 4.0,
      "group_VEC": 2.0,
      "IA_1": 2.0
    },
    "structure": {
      "crystal": "HCP"
    },
    "properties": {
      "bulk_modulus": {
        "values": [
          122.1,
          120.6,
          125.2
        ],
        "units": "GPa"
      },
      "r_s": {
        "values": [
          1.8527,
          1.8471,
          1.8382
        ],
        "units": "a.u."
      },
      "rho0_IEC": {
        "values": [
          0.0375,
          0.0379,
          0.0384
        ],
        "units": "\u2014"
      }
    },
    "tags": []
  }
}