{
  "Ca": {
    "identity": {
      "atomic_number": 20.0,
      "group_VEC": 2.0,
      "IA_1": null
    },
    "structure": {
      "crystal": "FCC"
    },
    "properties": {
      "bulk_modulus": {
        "values": [
          18.9,
          18.0,
          16.5
        ],
        "units": "GPa"
      },
      "r_s": {
        "values": [
          3.0851,
          3.0627,
          3.0867
        ],
        "units": "a.u."
      },
      "rho0_IEC": {
        "values": [
          0.0081,
          0.0083,
          0.0081
        ],
        "units": "\u2014"
      }
    },
    "tags": []
  }
}