{
  "Cd": {
    "identity": {
      "atomic_number": 48.0,
      "group_VEC": 12.0,
      "IA_1": null
    },
    "structure": {
      "crystal": "OTHER"
    },
    "properties": {
      "bulk_modulus": {
        "values": [
          66.2,
          63.1,
          61.1
        ],
        "units": "GPa"
      },
      "r_s": {
        "values": [
          2.3007,
          2.3275,
          2.3148
        ],
        "units": "a.u."
      },
      "rho0_IEC": {
        "values": [
          0.0196,
          0.0189,
          0.0193
        ],
        "units": "\u2014"
      }
    },
    "tags": []
  }
}