{
  "Co": {
    "identity": {
      "atomic_number": 27.0,
      "group_VEC": 9.0,
      "IA_1": null
    },
    "structure": {
      "crystal": "HCP"
    },
    "properties": {
      "bulk_modulus": {
        "values": [
          234.7,
          278.5,
          268.2
        ],
        "units": "GPa"
      },
      "r_s": {
        "values": [
          1.7658,
          1.7313,
          1.7424
        ],
        "units": "a.u."
      },
      "rho0_IEC": {
        "values": [
          0.0434,
          0.046,
          0.0451
        ],
        "units": "\u2014"
      }
    },
    "tags": []
  }
}