{
  "Cr": {
    "identity": {
      "atomic_number": 24.0,
      "group_VEC": 6.0,
      "IA_1": null
    },
    "structure": {
      "crystal": "BCC"
    },
    "properties": {
      "bulk_modulus": {
        "values": [
          244.7,
          249.3,
          264.1
        ],
        "units": "GPa"
      },
      "r_s": {
        "values": [
          1.7711,
          1.7673,
          1.7325
        ],
        "units": "a.u."
      },
      "rho0_IEC": {
        "values": [
          0.043,
          0.0433,
          0.0459
        ],
        "units": "\u2014"
      }
    },
    "tags": []
  }
}