{
  "Cu": {
    "identity": {
      "atomic_number": 29.0,
      "group_VEC": 11.0,
      "IA_1": null
    },
    "structure": {
      "crystal": "FCC"
    },
    "properties": {
      "bulk_modulus": {
        "values": [
          165.3,
          168.9,
          162.6
        ],
        "units": "GPa"
      },
      "r_s": {
        "values": [
          1.9175,
          1.9159,
          1.9112
        ],
        "units": "a.u."
      },
      "rho0_IEC": {
        "values": [
          0.0339,
          0.034,
          0.0342
        ],
        "units": "\u2014"
      }
    },
    "tags": []
  }
}