{
  "Fe": {
    "identity": {
      "atomic_number": 26.0,
      "group_VEC": 8.0,
      "IA_1": null
    },
    "structure": {
      "crystal": "BCC"
    },
    "properties": {
      "bulk_modulus": {
        "values": [
          307.2,
          302.0,
          195.4
        ],
        "units": "GPa"
      },
      "r_s": {
        "values": [
          1.6945,
          1.6994,
          1.7433
        ],
        "units": "a.u."
      },
      "rho0_IEC": {
        "values": [
          0.0491,
          0.0487,
          0.0451
        ],
        "units": "\u2014"
      }
    },
    "tags": []
  }
}