{
  "Hf": {
    "identity": {
      "atomic_number": 72.0,
      "group_VEC": 4.0,
      "IA_1": null
    },
    "structure": {
      "crystal": "HCP"
    },
    "properties": {
      "bulk_modulus": {
        "values": [
          107.5,
          90.7,
          97.0
        ],
        "units": "GPa"
      },
      "r_s": {
        "values": [
          2.075,
          2.076,
          2.066
        ],
        "units": "a.u."
      },
      "rho0_IEC": {
        "values": [
          0.0267,
          0.0267,
          0.0271
        ],
        "units": "\u2014"
      }
    },
    "tags": []
  }
}