{
  "Ir": {
    "identity": {
      "atomic_number": 77.0,
      "group_VEC": 9.0,
      "IA_1": null
    },
    "structure": {
      "crystal": "FCC"
    },
    "properties": {
      "bulk_modulus": {
        "values": [
          413.4,
          356.9,
          382.8
        ],
        "units": "GPa"
      },
      "r_s": {
        "values": [
          1.6881,
          1.6998,
          1.7136
        ],
        "units": "a.u."
      },
      "rho0_IEC": {
        "values": [
          0.0496,
          0.0487,
          0.0475
        ],
        "units": "\u2014"
      }
    },
    "tags": []
  }
}