{
  "K": {
    "identity": {
      "atomic_number": 19.0,
      "group_VEC": 1.0,
      "IA_1": 1.0
    },
    "structure": {
      "crystal": "BCC"
    },
    "properties": {
      "bulk_modulus": {
        "values": [
          4.0,
          3.7,
          3.7
        ],
        "units": "GPa"
      },
      "r_s": {
        "values": [
          3.7573,
          3.7574,
          3.7561
        ],
        "units": "a.u."
      },
      "rho0_IEC": {
        "values": [
          0.0045
        ],
        "units": "\u2014"
      }
    },
    "tags": []
  }
}