{
  "Li": {
    "identity": {
      "atomic_number": 3.0,
      "group_VEC": 1.0,
      "IA_1": 1.0
    },
    "structure": {
      "crystal": "BCC"
    },
    "properties": {
      "bulk_modulus": {
        "values": [
          13.7,
          13.6,
          14.5
        ],
        "units": "GPa"
      },
      "r_s": {
        "values": [
          3.099,
          3.099,
          3.101
        ],
        "units": "a.u."
      },
      "rho0_IEC": {
        "values": [
          0.008,
          0.008,
          0.008
        ],
        "units": "\u2014"
      }
    },
    "tags": []
  }
}