{
  "Mg": {
    "identity": {
      "atomic_number": 12.0,
      "group_VEC": 2.0,
      "IA_1": 2.0
    },
    "structure": {
      "crystal": "HCP"
    },
    "properties": {
      "bulk_modulus": {
        "values": [
          37.2,
          35.5,
          38.0
        ],
        "units": "GPa"
      },
      "r_s": {
        "values": [
          2.5827,
          2.5882,
          2.574
        ],
        "units": "a.u."
      },
      "rho0_IEC": {
        "values": [
          0.0139,
          0.0138,
          0.014
        ],
        "units": "\u2014"
      }
    },
    "tags": []
  }
}