{
  "Mn": {
    "identity": {
      "atomic_number": 25.0,
      "group_VEC": 7.0,
      "IA_1": null
    },
    "structure": {
      "crystal": "BCC"
    },
    "properties": {
      "bulk_modulus": {
        "values": [
          291.6,
          291.1,
          292.6
        ],
        "units": "GPa"
      },
      "r_s": {
        "values": [
          1.7087,
          1.7102,
          1.7013
        ],
        "units": "a.u."
      },
      "rho0_IEC": {
        "values": [
          0.0479,
          0.0477,
          0.0485
        ],
        "units": "\u2014"
      }
    },
    "tags": []
  }
}