{
  "Mo": {
    "identity": {
      "atomic_number": 42.0,
      "group_VEC": 6.0,
      "IA_1": null
    },
    "structure": {
      "crystal": "BCC"
    },
    "properties": {
      "bulk_modulus": {
        "values": [
          250.4,
          254.5,
          254.4
        ],
        "units": "GPa"
      },
      "r_s": {
        "values": [
          1.8319,
          1.8306,
          1.8005
        ],
        "units": "a.u."
      },
      "rho0_IEC": {
        "values": [
          0.0388,
          0.0389,
          0.0409
        ],
        "units": "\u2014"
      }
    },
    "tags": []
  }
}