{
  "Nb": {
    "identity": {
      "atomic_number": 41.0,
      "group_VEC": 5.0,
      "IA_1": null
    },
    "structure": {
      "crystal": "BCC"
    },
    "properties": {
      "bulk_modulus": {
        "values": [
          164.9,
          177.3,
          156.6
        ],
        "units": "GPa"
      },
      "r_s": {
        "values": [
          1.95323,
          1.94848,
          1.92295
        ],
        "units": "a.u."
      },
      "rho0_IEC": {
        "values": [
          0.032,
          0.0323,
          0.0336
        ],
        "units": "\u2014"
      }
    },
    "tags": []
  }
}