{
  "Ni": {
    "identity": {
      "atomic_number": 28.0,
      "group_VEC": 10.0,
      "IA_1": null
    },
    "structure": {
      "crystal": "FCC"
    },
    "properties": {
      "bulk_modulus": {
        "values": [
          231.3,
          224.6,
          229.2
        ],
        "units": "GPa"
      },
      "r_s": {
        "values": [
          1.8083,
          1.7993,
          1.8015
        ],
        "units": "a.u."
      },
      "rho0_IEC": {
        "values": [
          0.0404,
          0.041,
          0.0408
        ],
        "units": "\u2014"
      }
    },
    "tags": []
  }
}