{
  "Os": {
    "identity": {
      "atomic_number": 76.0,
      "group_VEC": 8.0,
      "IA_1": null
    },
    "structure": {
      "crystal": "HCP"
    },
    "properties": {
      "bulk_modulus": {
        "values": [
          385.4,
          383.6,
          448.3
        ],
        "units": "GPa"
      },
      "r_s": {
        "values": [
          1.6579,
          1.6626,
          1.6732
        ],
        "units": "a.u."
      },
      "rho0_IEC": {
        "values": [
          0.0524,
          0.0519,
          0.051
        ],
        "units": "\u2014"
      }
    },
    "tags": []
  }
}