{
  "Pd": {
    "identity": {
      "atomic_number": 46.0,
      "group_VEC": 10.0,
      "IA_1": null
    },
    "structure": {
      "crystal": "FCC"
    },
    "properties": {
      "bulk_modulus": {
        "values": [
          200.5,
          204.8,
          205.5
        ],
        "units": "GPa"
      },
      "r_s": {
        "values": [
          1.9542,
          1.9471,
          1.9423
        ],
        "units": "a.u."
      },
      "rho0_IEC": {
        "values": [
          0.032,
          0.0323,
          0.0326
        ],
        "units": "\u2014"
      }
    },
    "tags": []
  }
}