{
  "Pt": {
    "identity": {
      "atomic_number": 78.0,
      "group_VEC": 10.0,
      "IA_1": null
    },
    "structure": {
      "crystal": "FCC"
    },
    "properties": {
      "bulk_modulus": {
        "values": [
          291.4,
          265.5,
          274.3
        ],
        "units": "GPa"
      },
      "r_s": {
        "values": [
          1.7957,
          1.7982,
          1.7991
        ],
        "units": "a.u."
      },
      "rho0_IEC": {
        "values": [
          0.0412,
          0.0411,
          0.041
        ],
        "units": "\u2014"
      }
    },
    "tags": []
  }
}