{
  "Rb": {
    "identity": {
      "atomic_number": 37.0,
      "group_VEC": 1.0,
      "IA_1": null
    },
    "structure": {
      "crystal": "BCC"
    },
    "properties": {
      "bulk_modulus": {
        "values": [
          2.6,
          3.0,
          4.1
        ],
        "units": "GPa"
      },
      "r_s": {
        "values": [
          4.9064,
          4.9044,
          4.9024
        ],
        "units": "a.u."
      },
      "rho0_IEC": {
        "values": [
          0.002
        ],
        "units": "\u2014"
      }
    },
    "tags": []
  }
}