{
  "Re": {
    "identity": {
      "atomic_number": 75.0,
      "group_VEC": 7.0,
      "IA_1": null
    },
    "structure": {
      "crystal": "HCP"
    },
    "properties": {
      "bulk_modulus": {
        "values": [
          371.8,
          362.5,
          350.7
        ],
        "units": "GPa"
      },
      "r_s": {
        "values": [
          1.6745,
          1.6894,
          1.6863
        ],
        "units": "a.u."
      },
      "rho0_IEC": {
        "values": [
          0.0509,
          0.0495,
          0.0498
        ],
        "units": "\u2014"
      }
    },
    "tags": []
  }
}