{
  "Rh": {
    "identity": {
      "atomic_number": 45.0,
      "group_VEC": 9.0,
      "IA_1": null
    },
    "structure": {
      "crystal": "FCC"
    },
    "properties": {
      "bulk_modulus": {
        "values": [
          291.7,
          293.7,
          278.1
        ],
        "units": "GPa"
      },
      "r_s": {
        "values": [
          1.8133,
          1.8086,
          1.8296
        ],
        "units": "a.u."
      },
      "rho0_IEC": {
        "values": [
          0.04,
          0.0404,
          0.039
        ],
        "units": "\u2014"
      }
    },
    "tags": []
  }
}