{
  "Ru": {
    "identity": {
      "atomic_number": 44.0,
      "group_VEC": 8.0,
      "IA_1": null
    },
    "structure": {
      "crystal": "HCP"
    },
    "properties": {
      "bulk_modulus": {
        "values": [
          344.4,
          339.5,
          319.9
        ],
        "units": "GPa"
      },
      "r_s": {
        "values": [
          1.7476,
          1.7539,
          1.769
        ],
        "units": "a.u."
      },
      "rho0_IEC": {
        "values": [
          0.0447,
          0.0443,
          0.0431
        ],
        "units": "\u2014"
      }
    },
    "tags": []
  }
}