{
  "Sc": {
    "identity": {
      "atomic_number": 21.0,
      "group_VEC": 3.0,
      "IA_1": null
    },
    "structure": {
      "crystal": "HCP"
    },
    "properties": {
      "bulk_modulus": {
        "values": [
          57.5,
          52.8,
          55.0
        ],
        "units": "GPa"
      },
      "r_s": {
        "values": [
          2.3921,
          2.3938,
          2.3927
        ],
        "units": "a.u."
      },
      "rho0_IEC": {
        "values": [
          0.0174
        ],
        "units": "\u2014"
      }
    },
    "tags": []
  }
}