{
  "Sr": {
    "identity": {
      "atomic_number": 38.0,
      "group_VEC": 2.0,
      "IA_1": null
    },
    "structure": {
      "crystal": "FCC"
    },
    "properties": {
      "bulk_modulus": {
        "values": [
          12.2,
          14.0,
          12.5
        ],
        "units": "GPa"
      },
      "r_s": {
        "values": [
          3.3062,
          3.2954,
          3.3164
        ],
        "units": "a.u."
      },
      "rho0_IEC": {
        "values": [
          0.0066,
          0.0067,
          0.0066
        ],
        "units": "\u2014"
      }
    },
    "tags": []
  }
}