{
  "Ta": {
    "identity": {
      "atomic_number": 73.0,
      "group_VEC": 5.0,
      "IA_1": null
    },
    "structure": {
      "crystal": "BCC"
    },
    "properties": {
      "bulk_modulus": {
        "values": [
          198.0,
          205.4,
          179.9
        ],
        "units": "GPa"
      },
      "r_s": {
        "values": [
          1.88403,
          1.88073,
          1.85795
        ],
        "units": "a.u."
      },
      "rho0_IEC": {
        "values": [
          0.0357,
          0.0359,
          0.0372
        ],
        "units": "\u2014"
      }
    },
    "tags": []
  }
}