{
  "Ti": {
    "identity": {
      "atomic_number": 22.0,
      "group_VEC": 4.0,
      "IA_1": null
    },
    "structure": {
      "crystal": "HCP"
    },
    "properties": {
      "bulk_modulus": {
        "values": [
          114.7,
          109.8,
          103.5
        ],
        "units": "GPa"
      },
      "r_s": {
        "values": [
          2.056,
          2.052,
          2.049
        ],
        "units": "a.u."
      },
      "rho0_IEC": {
        "values": [
          0.0275,
          0.0277,
          0.0278
        ],
        "units": "\u2014"
      }
    },
    "tags": []
  }
}