{
  "Tl": {
    "identity": {
      "atomic_number": 81.0,
      "group_VEC": 3.0,
      "IA_1": null
    },
    "structure": {
      "crystal": "OTHER"
    },
    "properties": {
      "bulk_modulus": {
        "values": [
          47.2,
          78.6,
          79.0
        ],
        "units": "GPa"
      },
      "r_s": {
        "values": [
          2.5406,
          2.0814,
          2.09
        ],
        "units": "a.u."
      },
      "rho0_IEC": {
        "values": [
          0.0145,
          0.0265,
          0.0262
        ],
        "units": "\u2014"
      }
    },
    "tags": []
  }
}