{
  "V": {
    "identity": {
      "atomic_number": 23.0,
      "group_VEC": 5.0,
      "IA_1": null
    },
    "structure": {
      "crystal": "BCC"
    },
    "properties": {
      "bulk_modulus": {
        "values": [
          181.0,
          180.5,
          194.4
        ],
        "units": "GPa"
      },
      "r_s": {
        "values": [
          1.87679,
          1.87262,
          1.8439
        ],
        "units": "a.u."
      },
      "rho0_IEC": {
        "values": [
          0.0361,
          0.0361,
          0.0381
        ],
        "units": "\u2014"
      }
    },
    "tags": []
  }
}