{
  "W": {
    "identity": {
      "atomic_number": 74.0,
      "group_VEC": 6.0,
      "IA_1": null
    },
    "structure": {
      "crystal": "BCC"
    },
    "properties": {
      "bulk_modulus": {
        "values": [
          280.3,
          273.0,
          271.9
        ],
        "units": "GPa"
      },
      "r_s": {
        "values": [
          1.7668,
          1.7656,
          1.7416
        ],
        "units": "a.u."
      },
      "rho0_IEC": {
        "values": [
          0.0433,
          0.0434,
          0.0452
        ],
        "units": "\u2014"
      }
    },
    "tags": []
  }
}