{
  "Y": {
    "identity": {
      "atomic_number": 39.0,
      "group_VEC": 3.0,
      "IA_1": null
    },
    "structure": {
      "crystal": "HCP"
    },
    "properties": {
      "bulk_modulus": {
        "values": [
          38.4,
          39.4,
          39.4
        ],
        "units": "GPa"
      },
      "r_s": {
        "values": [
          2.5488,
          2.5411
        ],
        "units": "a.u."
      },
      "rho0_IEC": {
        "values": [
          0.0144,
          0.0146
        ],
        "units": "\u2014"
      }
    },
    "tags": []
  }
}