{
  "Zn": {
    "identity": {
      "atomic_number": 30.0,
      "group_VEC": 12.0,
      "IA_1": null
    },
    "structure": {
      "crystal": "OTHER"
    },
    "properties": {
      "bulk_modulus": {
        "values": [
          90.5,
          85.3,
          87.7
        ],
        "units": "GPa"
      },
      "r_s": {
        "values": [
          2.0726,
          2.0768,
          2.0695
        ],
        "units": "a.u."
      },
      "rho0_IEC": {
        "values": [
          0.0268,
          0.0267,
          0.0269
        ],
        "units": "\u2014"
      }
    },
    "tags": []
  }
}