{
  "Zr": {
    "identity": {
      "atomic_number": 40.0,
      "group_VEC": 4.0,
      "IA_1": null
    },
    "structure": {
      "crystal": "HCP"
    },
    "properties": {
      "bulk_modulus": {
        "values": [
          94.6,
          86.4,
          87.6
        ],
        "units": "GPa"
      },
      "r_s": {
        "values": [
          2.162,
          2.152,
          2.151
        ],
        "units": "a.u."
      },
      "rho0_IEC": {
        "values": [
          0.0236,
          0.024,
          0.024
        ],
        "units": "\u2014"
      }
    },
    "tags": []
  }
}